year,order,a0,a1,a2,a3,a4,a5,a6,a7,a8,a9,a10,a11,a12,a13,a14,a15,a16,a17,a18,a19,a20,r_squared
1996.0,0.0,-0.6521169811039129,0.0,0.0,0.0,0.0,0.0,0.0,0.0,0.0,0.0,0.0,0.0,0.0,0.0,0.0,0.0,0.0,0.0,0.0,0.0,0.0,-0.06080018521965469
1996.0,1.0,2.3200323555440248,-2.2979392458710666,0.0,0.0,0.0,0.0,0.0,0.0,0.0,0.0,0.0,0.0,0.0,0.0,0.0,0.0,0.0,0.0,0.0,0.0,0.0,0.05937221893888345
1996.0,2.0,1.4516132255103857,-2.690738836645915,0.15184795442368743,0.0,0.0,0.0,0.0,0.0,0.0,0.0,0.0,0.0,0.0,0.0,0.0,0.0,0.0,0.0,0.0,0.0,0.0,-56.36190083896647
1996.0,3.0,1.095012390727994,-2.4943298963926788,0.24381460303865995,-0.0237015648654728,0.0,0.0,0.0,0.0,0.0,0.0,0.0,0.0,0.0,0.0,0.0,0.0,0.0,0.0,0.0,0.0,0.0,-5053.903124032505
1996.0,4.0,0.8436327843297363,-3.2687120233201576,0.41527372308235655,0.07518566544676542,-0.01911384844539136,0.0,0.0,0.0,0.0,0.0,0.0,0.0,0.0,0.0,0.0,0.0,0.0,0.0,0.0,0.0,0.0,0.938617180254711
1996.0,5.0,0.6148448375167546,-3.25202531787428,0.581604661674382,0.05739708492955733,-0.0336558289153276,0.0022486479723511418,0.0,0.0,0.0,0.0,0.0,0.0,0.0,0.0,0.0,0.0,0.0,0.0,0.0,0.0,0.0,0.6060720978839687
1996.0,6.0,0.693903490299752,-3.7134520945854246,0.5297372876276808,0.21179750854358187,-0.040676849531119545,-0.008338785482635551,0.001364292082705019,0.0,0.0,0.0,0.0,0.0,0.0,0.0,0.0,0.0,0.0,0.0,0.0,0.0,0.0,0.5547136652830096
1996.0,7.0,0.7473789866604568,-3.664215327335976,0.45360098500373464,0.1965882098713277,-0.023764805351920933,-0.008413798728110454,0.00038233534468627527,0.0001084581592221645,0.0,0.0,0.0,0.0,0.0,0.0,0.0,0.0,0.0,0.0,0.0,0.0,0.0,0.9305323368973251
1996.0,8.0,0.8997408517688811,-3.9482072457260315,0.20398868200785306,0.3791844535130203,0.02591720798250938,-0.04014641541643643,-0.0004814848441770093,0.001749607711698852,-0.00015860836035726567,0.0,0.0,0.0,0.0,0.0,0.0,0.0,0.0,0.0,0.0,0.0,0.0,0.6081751790475591
1996.0,9.0,0.9455890456157363,-3.7710285619753403,0.09218174590486249,0.2618429745867561,0.07519400662172529,-0.022799530683254545,-0.007913379106753687,0.0013446418322557003,0.00019680047024599849,-3.053188673489366e-05,0.0,0.0,0.0,0.0,0.0,0.0,0.0,0.0,0.0,0.0,0.0,0.8774028850393824
1996.0,10.0,1.0869649883991594,-3.847750861308571,-0.28223242955755157,0.3606936934758033,0.2241091966857834,-0.061455158593200915,-0.025638813802974753,0.006852807139719627,0.0006385156382288426,-0.0002815632692812872,1.9408679637695776e-05,0.0,0.0,0.0,0.0,0.0,0.0,0.0,0.0,0.0,0.0,0.8727108759479728
1996.0,11.0,1.083979624348346,-3.7238466334942015,-0.2804389536551709,0.22960318926236323,0.23559553564629976,-0.024251312726243257,-0.0316420542378683,0.0030951513860329374,0.001523934591056498,-0.00018740410547502862,-2.007388024743627e-05,2.7751108115589425e-06,0.0,0.0,0.0,0.0,0.0,0.0,0.0,0.0,0.0,0.9864712419321899
1996.0,12.0,1.1295506037992333,-3.6808532984790285,-0.4565219930448011,0.19059152554703815,0.3466417597040224,-0.021759861396279036,-0.05645758727428873,0.005414282711631936,0.00373186588456579,-0.0005921291482614247,-7.462765858367665e-05,2.0876575778157826e-05,-1.1662739113607804e-06,0.0,0.0,0.0,0.0,0.0,0.0,0.0,0.0,0.9696387217819857
1996.0,13.0,1.090718259317365,-3.5163855686229604,-0.2945416880173774,-0.06368694120052065,0.2548292185498735,0.09292685032572684,-0.044334070358535725,-0.016141026936747727,0.004633241993198404,0.0011466454046171514,-0.0003258045511034574,-2.1243811057872803e-05,1.0387578737644665e-05,-6.871501043408815e-07,0.0,0.0,0.0,0.0,0.0,0.0,0.0,0.9631553103024085
1996.0,14.0,1.1077750626644824,-3.448726473300202,-0.3861600705975297,-0.17039009794675256,0.34089285191667706,0.13576581345865937,-0.07542391207754025,-0.021733903550268687,0.009799914122085855,0.0011506855902748759,-0.0007126711145579164,2.2914329508301535e-05,1.9575492046474987e-05,-2.8341174275237394e-06,1.1856845762770836e-07,0.0,0.0,0.0,0.0,0.0,0.0,0.8843822749826044
1996.0,15.0,1.0444452930441606,-3.3557811137666778,-0.021718079459289906,-0.38084268207641636,0.01432952662389735,0.28572526545262766,0.02558901061813906,-0.06922353185326441,-0.002375239819351175,0.008434876158562641,-0.00043135975120882087,-0.0004937935994307143,6.581999296378651e-05,9.227158664081146e-06,-2.3354063884709003e-06,1.264892592140393e-07,0.0,0.0,0.0,0.0,0.0,0.985746410374753
1996.0,16.0,1.0481149216367323,-3.2475240773935456,-0.05245498603314799,-0.6159265201796988,0.06963622222758392,0.42924015831728146,-0.01213221917432622,-0.1054859249502896,0.009182928177450436,0.012445655766774377,-0.0021396122945086474,-0.0006215681911032103,0.0001828624941881743,1.1886472335451318e-06,-5.032360551313383e-06,6.121510907315731e-07,-2.3467464359245625e-08,0.0,0.0,0.0,0.0,0.9587293680281266
1996.0,17.0,1.0068918398408477,-3.2716324818839038,0.25663948548305654,-0.5823019994437795,-0.31044251626791575,0.4434670081784655,0.16310884422979283,-0.12899033324717352,-0.02851875798455954,0.02065370599335184,0.0017097516015601702,-0.0018491762332612464,4.6035749481282824e-05,8.390895653800223e-05,-9.22245649843073e-06,-1.2768799082468713e-06,2.8171116204541254e-07,-1.388035564252634e-08,0.0,0.0,0.0,0.9914752437031253
1996.0,18.0,1.005392597433102,-3.258353508608986,0.268576044775166,-0.6199962487728382,-0.32327976862230945,0.4751152960224983,0.16651263489673787,-0.14083250368146474,-0.02809880387599263,0.022901821380334062,0.001392382313581378,-0.002063967399217183,9.814874066167562e-05,9.193272435366104e-05,-1.276263299682723e-05,-1.1574368614283421e-06,3.6254322521153776e-07,-2.5679800187328005e-08,5.061643913325871e-10,0.0,0.0,0.9916446477575935
1996.0,19.0,0.9725437505203057,-3.3800301165729927,0.5818563290561917,-0.27154135468986895,-0.8333748122893438,0.21344971107969704,0.492891317198977,-0.06967098967988553,-0.13210114428342365,0.018933409674633094,0.019211150177686053,-0.0035965708800361554,-0.0015030126820858101,0.000397229815350122,4.762470545979227e-05,-2.2310096974020815e-05,7.771967600659047e-07,4.562284882498696e-07,-6.404576649001435e-08,2.6276567958194526e-09,0.0,0.9550781843620383
1997.0,0.0,-0.09370399412133823,0.0,0.0,0.0,0.0,0.0,0.0,0.0,0.0,0.0,0.0,0.0,0.0,0.0,0.0,0.0,0.0,0.0,0.0,0.0,0.0,-0.0718560199695002
1997.0,1.0,2.931349387081925,-2.3302594500981693,0.0,0.0,0.0,0.0,0.0,0.0,0.0,0.0,0.0,0.0,0.0,0.0,0.0,0.0,0.0,0.0,0.0,0.0,0.0,0.5254347205692422
1997.0,2.0,2.573669537483023,-2.4934182224870356,0.06284224140849883,0.0,0.0,0.0,0.0,0.0,0.0,0.0,0.0,0.0,0.0,0.0,0.0,0.0,0.0,0.0,0.0,0.0,0.0,-2.810454714277168
1997.0,3.0,2.394169820463579,-2.3953451638929804,0.10929159851851895,-0.011926957916610997,0.0,0.0,0.0,0.0,0.0,0.0,0.0,0.0,0.0,0.0,0.0,0.0,0.0,0.0,0.0,0.0,0.0,-51.33066066813376
1997.0,4.0,2.311978127823277,-2.6543300723556342,0.16593579609796377,0.021278801893365413,-0.006394766106034621,0.0,0.0,0.0,0.0,0.0,0.0,0.0,0.0,0.0,0.0,0.0,0.0,0.0,0.0,0.0,0.0,-0.14469985478411673
1997.0,5.0,2.34504902529728,-2.656450795539723,0.14180776345036922,0.02380549266017316,-0.004275184898739094,-0.00032655120044477684,0.0,0.0,0.0,0.0,0.0,0.0,0.0,0.0,0.0,0.0,0.0,0.0,0.0,0.0,0.0,-1.0648500549944808
1997.0,6.0,2.329699121570741,-2.5699623209479636,0.15208246563875502,-0.005265641545402607,-0.00301405245824519,0.001678154674072616,-0.0002573775340051602,0.0,0.0,0.0,0.0,0.0,0.0,0.0,0.0,0.0,0.0,0.0,0.0,0.0,0.0,0.3270802520167011
1997.0,7.0,2.601715895216995,-2.3130978903311057,-0.23675284496258892,-0.08541783066165083,0.08386200039676146,0.0014770344487113295,-0.00533507882451739,0.0005587793441852715,0.0,0.0,0.0,0.0,0.0,0.0,0.0,0.0,0.0,0.0,0.0,0.0,0.0,0.4814763613396197
1997.0,8.0,2.5999301351237047,-2.3098385549136493,-0.2338154574037402,-0.08752636208024808,0.0832726369953829,0.0018462968271414895,-0.005324190077328145,0.000539533296859837,1.8532021608538936e-06,0.0,0.0,0.0,0.0,0.0,0.0,0.0,0.0,0.0,0.0,0.0,0.0,0.49198494677621096
1997.0,9.0,2.7150657160740037,-1.8502285900097435,-0.5164097198804574,-0.3933068049409482,0.20914878477779283,0.047386624051002746,-0.024509035348409838,-0.0005542680006109643,0.0009276850038530911,-7.924298244350404e-05,0.0,0.0,0.0,0.0,0.0,0.0,0.0,0.0,0.0,0.0,0.0,0.942791596077974
1997.0,10.0,2.7319215608216325,-1.8588135708998599,-0.5612085158166273,-0.3819560395233023,0.2270576673881709,0.042846895050290074,-0.02665644088177422,0.00010240709620615968,0.0009822569576098245,-0.00010949183768929857,2.330136448464053e-06,0.0,0.0,0.0,0.0,0.0,0.0,0.0,0.0,0.0,0.0,0.8877242347850367
1997.0,11.0,2.7233882566433683,-1.575771717840998,-0.5516337488218105,-0.6827165435860663,0.25078537251894467,0.12869919775014665,-0.040074367480125994,-0.008634930929533687,0.0030078462758002253,0.0001129547930346572,-8.914207369424081e-05,6.4057159521433745e-06,0.0,0.0,0.0,0.0,0.0,0.0,0.0,0.0,0.0,0.9563743796938228
1997.0,12.0,2.691348579231471,-1.6077222447667767,-0.4273716590077375,-0.6531265280263115,0.1719947424538118,0.12628329314618575,-0.022348451493418086,-0.010209871157536412,0.0014178973626579102,0.0003994158750634626,-4.9300169018617453e-05,-6.600470217186369e-06,8.349096690014597e-07,0.0,0.0,0.0,0.0,0.0,0.0,0.0,0.0,0.9882970084836767
1997.0,13.0,2.653271754842457,-1.4522284908075909,-0.2677669244065524,-0.8947997024396096,0.08051721846826895,0.23605090435526996,-0.009803423071499274,-0.031005516462522496,0.0021946313710885937,0.0020917304300621243,-0.0002891480580991078,-4.813965419537627e-05,1.2069183007307658e-05,-6.656920674582239e-07,0.0,0.0,0.0,0.0,0.0,0.0,0.0,0.9217392139144922
1997.0,14.0,2.6317892299823065,-1.5411597845309963,-0.15178629885158063,-0.7538294565073943,-0.029351699767636314,0.17895340766249687,0.030274624648619547,-0.02339965236221725,-0.004531457915398058,0.0020553402565176237,0.000219453450672597,-0.00010491746469037312,-1.6691009957732314e-07,2.1572537308791462e-06,-1.5532088815219325e-07,0.0,0.0,0.0,0.0,0.0,0.0,0.9860229288271808
1997.0,15.0,2.607436999390851,-1.507295619032671,-0.010927579003741913,-0.8314473084552124,-0.15633325455173,0.23512993205193702,0.0698807693555582,-0.04144869693228798,-0.009375796952120586,0.004858199717466953,0.0003414432619815718,-0.0003059443253939274,1.735624200612624e-05,6.910411608633268e-06,-1.1113580498042947e-06,4.909869940033763e-08,0.0,0.0,0.0,0.0,0.0,0.9946373705763921
1997.0,16.0,2.604467622478896,-1.614502348595441,0.015440519246742005,-0.5977186129313695,-0.20703220351273166,0.09165512849227431,0.10585355171470667,-0.0049246960402946,-0.020655323917578062,0.0007710851623345604,0.0020342081671130235,-0.00017051215395344434,-0.00010001368867394656,1.4719250494179326e-05,1.6269831424297313e-06,-4.3907221299413886e-07,2.3506810158875924e-08,0.0,0.0,0.0,0.0,0.982673947439716
1997.0,17.0,2.608323802040769,-1.6117899481177147,-0.013839779883527482,-0.6019547566260293,-0.17070371598828227,0.09100100803576676,0.08894792028078083,-0.0028696308482132173,-0.016980003914992037,6.0886254971142166e-06,0.001653822373441515,-5.29951374127437e-05,-8.605731987958597e-05,6.665122005178939e-06,2.0146151693045397e-06,-2.5228960598316304e-07,-6.337978822426083e-09,1.351978613863547e-09,0.0,0.0,0.0,0.9864177646272463
1997.0,18.0,2.5958910355651623,-1.7584181543265291,-8.501378158851103e-05,-0.20075253941566326,-0.1676641725517829,-0.2342267763063918,0.10364617259971391,0.11510952379805803,-0.030860673698469974,-0.021770269223779563,0.00587759896253582,0.00196039950341318,-0.0006678029087903609,-6.241489146182744e-05,3.897247233118816e-05,-1.8746484878788503e-06,-8.173682218721051e-07,1.254679051492945e-07,-5.435334057928658e-09,0.0,0.0,0.9906097266094251
1997.0,19.0,2.630583582400301,-1.7530937492893757,-0.1915562667953879,-0.1964932040391426,0.03550846090545416,-0.25569433176487016,0.01611922243095339,0.13036943048457744,-0.01218120035328026,-0.02629450282291289,0.0038373714056928973,0.002633639412234123,-0.0005711664189129855,-0.00011414127543440783,3.9414715520578604e-05,-2.0065146157237715e-08,-1.0054804777995434e-06,1.0673296990785906e-07,-1.3643443796928851e-09,-1.871070696303628e-10,0.0,0.9868227828205057
1998.0,0.0,0.13690673328865666,0.0,0.0,0.0,0.0,0.0,0.0,0.0,0.0,0.0,0.0,0.0,0.0,0.0,0.0,0.0,0.0,0.0,0.0,0.0,0.0,-0.08460544923212976
1998.0,1.0,3.226105962674121,-2.385497601604814,0.0,0.0,0.0,0.0,0.0,0.0,0.0,0.0,0.0,0.0,0.0,0.0,0.0,0.0,0.0,0.0,0.0,0.0,0.0,0.8581590531494113
1998.0,2.0,2.9404346788064304,-2.5150773205645645,0.050031106117941086,0.0,0.0,0.0,0.0,0.0,0.0,0.0,0.0,0.0,0.0,0.0,0.0,0.0,0.0,0.0,0.0,0.0,0.0,-17.813751563419387
1998.0,3.0,2.8722533850559477,-2.477625089752283,0.06763480468582216,-0.0045312261215704,0.0,0.0,0.0,0.0,0.0,0.0,0.0,0.0,0.0,0.0,0.0,0.0,0.0,0.0,0.0,0.0,0.0,-46.65018222137817
1998.0,4.0,2.790356012116532,-2.7318168118552664,0.12368698957807094,0.027972443827114436,-0.006274880718701465,0.0,0.0,0.0,0.0,0.0,0.0,0.0,0.0,0.0,0.0,0.0,0.0,0.0,0.0,0.0,0.0,-0.24562329425326723
1998.0,5.0,2.8101009419235985,-2.7331988081424377,0.10931526848200535,0.02949875670170011,-0.005016380621108403,-0.0001943642182143032,0.0,0.0,0.0,0.0,0.0,0.0,0.0,0.0,0.0,0.0,0.0,0.0,0.0,0.0,0.0,-0.7188595980263099
1998.0,6.0,2.7659468491947936,-2.478544745172583,0.1384830467544174,-0.05584074190503798,-0.0011953787576898178,0.005668490449537603,-0.0007545550690194964,0.0,0.0,0.0,0.0,0.0,0.0,0.0,0.0,0.0,0.0,0.0,0.0,0.0,0.0,0.7274933791664593
1998.0,7.0,3.0663188781639183,-2.199626402670148,-0.2897448194244636,-0.14229368008583912,0.09411126178327835,0.0053131910953821615,-0.006300525209707795,0.0006118043380129479,0.0,0.0,0.0,0.0,0.0,0.0,0.0,0.0,0.0,0.0,0.0,0.0,0.0,-1.0399107030788852
1998.0,8.0,2.968633331230337,-2.0188215775420058,-0.1294919897790726,-0.25878219650353596,0.06212880601219793,0.025609173351754663,-0.005732702105870425,-0.00044058058429623774,0.00010158221929896133,0.0,0.0,0.0,0.0,0.0,0.0,0.0,0.0,0.0,0.0,0.0,0.0,0.15037861403092578
1998.0,9.0,3.1336136228047478,-1.3743449811195023,-0.532681449849408,-0.6862564663545546,0.2404527466314202,0.0889609572922442,-0.032721423920872905,-0.0019338782622088484,0.001396154869277112,-0.00011107517010655135,0.0,0.0,0.0,0.0,0.0,0.0,0.0,0.0,0.0,0.0,0.0,0.5245773737645205
1998.0,10.0,3.1351389952266207,-1.375155908481146,-0.5367260201308088,-0.6852029532191478,0.2420641353394417,0.08854594420249433,-0.03291369962578916,-0.0018744475664778134,0.0014009780672482551,-0.00011379331487307318,2.098982838520692e-07,0.0,0.0,0.0,0.0,0.0,0.0,0.0,0.0,0.0,0.0,0.5055020545896992
1998.0,11.0,3.127539536371844,-1.0841886690313256,-0.5306351467093124,-0.993492367845073,0.26817780674281033,0.17620867273804236,-0.04691019264712164,-0.010751060568536305,0.003481242502581968,0.00010982943632986396,-9.29437762731293e-05,6.539436684677242e-06,0.0,0.0,0.0,0.0,0.0,0.0,0.0,0.0,0.0,0.9631804239325772
1998.0,12.0,3.0647260301895636,-1.1445717564168945,-0.28762650188835726,-0.9383137253564711,0.11464878498406104,0.17234325006086956,-0.01252417775504702,-0.013911681981492629,0.00041351344629717994,0.0006689318870871142,-1.678660415859235e-05,-1.8591966196027085e-05,1.6172190077076655e-06,0.0,0.0,0.0,0.0,0.0,0.0,0.0,0.0,0.8653532694964232
1998.0,13.0,3.0512232070095258,-1.088077808363433,-0.23121015110422102,-1.0258105530913606,0.08255044266483395,0.2118988197839875,-0.008230036483897588,-0.021365862924982108,0.0007141230690879292,0.0012719959976464157,-0.00010335166665853771,-3.326543986895869e-05,5.6231240393288445e-06,-2.3795310340031692e-07,0.0,0.0,0.0,0.0,0.0,0.0,0.0,0.7335847125889408
1998.0,14.0,2.9796117913356297,-1.3761846935406168,0.15407102472946024,-0.5707058609353727,-0.2803611595433933,0.028652619701566774,0.12328699380932948,0.002720362462103196,-0.02121258335213839,0.0012213306966520948,0.0015437842758044432,-0.0002199019773058405,-3.3663643933247964e-05,8.903253783308468e-06,-5.042080249216737e-07,0.0,0.0,0.0,0.0,0.0,0.0,0.94555168002932
1998.0,15.0,2.959096095225366,-1.3465819750338468,0.2724312162081693,-0.637994892831526,-0.38667648143007466,0.07685457004084849,0.15627423373533517,-0.01262125886806557,-0.02520963998117246,0.003584731757315079,0.0016390945473809962,-0.0003882030904496529,-1.8738163020262917e-05,1.2849630665436004e-05,-1.3039033976387669e-06,4.1167417841432284e-08,0.0,0.0,0.0,0.0,0.0,0.9115032326891079
1998.0,16.0,2.9506480434529747,-1.6176335664847883,0.3455414318793361,-0.04840617888768706,-0.5216425018664073,-0.2837853753260547,0.24960859482472822,0.07873034371247967,-0.054030088295572695,-0.006557716237662996,0.00592004871320527,-6.088488783091684e-05,-0.0003131853306448966,3.2870891659017646e-05,5.508174507041867e-06,-1.181607927236903e-06,5.902090972341321e-08,0.0,0.0,0.0,0.0,0.9705830986089949
1998.0,17.0,2.9730026710216713,-1.6045349008922258,0.17754131960936503,-0.0672059922390915,-0.31477335846082394,-0.2909880724930008,0.15407799755709842,0.09134441614400811,-0.0334355077345008,-0.011004482394192138,0.003811163852897997,0.0006073990148258502,-0.00023768412388189272,-1.2319641396307355e-05,7.771901858067251e-06,-1.4594914541901743e-07,-1.0787684955582628e-07,7.583986017614863e-09,0.0,0.0,0.0,0.971567278754092
1998.0,18.0,3.0021963928647177,-1.8526978030125574,-0.04934011646217305,0.6387146828158515,-0.0721127572538448,-0.884269078715269,0.08958319378582826,0.31351060715472745,-0.041174605637955726,-0.053218288141359406,0.009751727306055615,0.004645557941086292,-0.0012156863543614984,-0.00016351512761943367,7.432644456136139e-05,-2.3787097673319575e-06,-1.630215830520426e-06,2.296723609193712e-07,-9.525797666302773e-09,0.0,0.0,0.8592996778553641
1998.0,19.0,3.0173939727979637,-1.8087276536363448,-0.20655536492951473,0.4981782601072219,0.19467563533750165,-0.7733381053862306,-0.08514094000570512,0.2840451736564793,0.015320439433814734,-0.052639871528815774,-2.100208736336922e-05,0.005666227155590378,-0.00033371275415033664,-0.0003457124670531281,4.147595563111634e-05,9.984590865465687e-06,-1.9294194907846603e-06,-5.00098937035196e-08,2.8881176728386007e-08,-1.5857361162923863e-09,0.0,0.9233673495035368
1999.0,0.0,-0.02331170669404692,0.0,0.0,0.0,0.0,0.0,0.0,0.0,0.0,0.0,0.0,0.0,0.0,0.0,0.0,0.0,0.0,0.0,0.0,0.0,0.0,-0.06759462944022743
1999.0,1.0,3.0461776971348122,-2.3616217720621195,0.0,0.0,0.0,0.0,0.0,0.0,0.0,0.0,0.0,0.0,0.0,0.0,0.0,0.0,0.0,0.0,0.0,0.0,0.0,0.8036477060225689
1999.0,2.0,2.7364890468140355,-2.50328549003591,0.054497031595411964,0.0,0.0,0.0,0.0,0.0,0.0,0.0,0.0,0.0,0.0,0.0,0.0,0.0,0.0,0.0,0.0,0.0,0.0,-7.04138788326688
1999.0,3.0,2.695936589869483,-2.4811880078570843,0.06500261737526954,-0.002694283085558022,0.0,0.0,0.0,0.0,0.0,0.0,0.0,0.0,0.0,0.0,0.0,0.0,0.0,0.0,0.0,0.0,0.0,-13.724864739500534
1999.0,4.0,2.618698711190594,-2.7264145582019803,0.11841868105976404,0.028789646407685464,-0.006055822610358752,0.0,0.0,0.0,0.0,0.0,0.0,0.0,0.0,0.0,0.0,0.0,0.0,0.0,0.0,0.0,0.0,0.8772117847592908
1999.0,5.0,2.7894717648421787,-2.736866269194126,-0.006321187745442317,0.041760334471890925,0.004919664563733955,-0.0016888769467266038,0.0,0.0,0.0,0.0,0.0,0.0,0.0,0.0,0.0,0.0,0.0,0.0,0.0,0.0,0.0,-3.711015114778772
1999.0,6.0,2.7662417019564334,-2.607463289699779,0.009327088657240919,-0.001800792711955364,0.006779120472461681,0.0013206711433294245,-0.00038591729577541935,0.0,0.0,0.0,0.0,0.0,0.0,0.0,0.0,0.0,0.0,0.0,0.0,0.0,0.0,0.02024094469977722
1999.0,7.0,3.133592717238097,-2.257679450416386,-0.5164817778012413,-0.11130699836876139,0.12448691448464523,0.001131239922910158,-0.007280811643454939,0.0007578334687748404,0.0,0.0,0.0,0.0,0.0,0.0,0.0,0.0,0.0,0.0,0.0,0.0,0.0,0.012524478224563707
1999.0,8.0,3.0854744505236646,-2.170464504807,-0.4372269213792699,-0.16784407716103153,0.108543112477391,0.01105792567788871,-0.006980593180076474,0.00023911557475998996,4.9886777239226955e-05,0.0,0.0,0.0,0.0,0.0,0.0,0.0,0.0,0.0,0.0,0.0,0.0,0.3804840166623866
1999.0,9.0,3.254259399885458,-1.4893250183101199,-0.8524054985719403,-0.6216934887502233,0.29413945107566386,0.07881550761256004,-0.035367101661402174,-0.0014032551488843748,0.0014239318418852675,-0.00011746342506715389,0.0,0.0,0.0,0.0,0.0,0.0,0.0,0.0,0.0,0.0,0.0,0.08043923746921755
1999.0,10.0,3.2257633158021797,-1.475126559186257,-0.7765806523970293,-0.6406382920228515,0.2637761661270442,0.08645131671292114,-0.03171747388151128,-0.00251339479655511,0.0013305905479603023,-6.614356114959707e-05,-3.948479041833288e-06,0.0,0.0,0.0,0.0,0.0,0.0,0.0,0.0,0.0,0.0,0.5374646743044821
1999.0,11.0,3.210143055825892,-0.9893386500337508,-0.757020993291562,-1.1575823936802137,0.3030618531026121,0.23429757281645727,-0.054576911838422754,-0.01759786225046149,0.004808864271339715,0.0003198972700104628,-0.00016168548099542026,1.1032784604049791e-05,0.0,0.0,0.0,0.0,0.0,0.0,0.0,0.0,0.0,0.9079945889689766
1999.0,12.0,3.1274556465505747,-1.0732824647911954,-0.4359294095759866,-1.0793452262287269,0.09910084324270979,0.22748524381985896,-0.008588264410254988,-0.021613836302994884,0.00067277666535336,0.0010608411658088593,-5.756091349560735e-05,-2.2777891458715148e-05,2.167788094379312e-06,0.0,0.0,0.0,0.0,0.0,0.0,0.0,0.0,0.9908211643988799
1999.0,13.0,3.065752188604883,-0.8243260026055869,-0.17688186726701297,-1.4669648149202756,-0.049904533221124564,0.4039556853656151,0.012088362051814211,-0.05513555760262765,0.0018749337385104013,0.003796782553688585,-0.0004428552618127966,-9.022641002230951e-05,2.0324787126657155e-05,-1.074593254972789e-06,0.0,0.0,0.0,0.0,0.0,0.0,0.0,0.5267880171298733
1999.0,14.0,2.9902395546001173,-1.1412563059961525,0.23151193746164836,-0.9637310261398745,-0.43785140556931845,0.19955146274903462,0.15405660498162818,-0.027735483809145364,-0.022027448784909868,0.003631620669601346,0.0013703513163184045,-0.00029118603509645414,-2.3480560298191157e-05,8.990593872085697e-06,-5.531373045955111e-07,0.0,0.0,0.0,0.0,0.0,0.0,0.992279751688549
1999.0,15.0,2.9283875924837752,-1.0570391793252965,0.5894726249667286,-1.1576320307975942,-0.7610535359937094,0.3406673403678318,0.2551220457905177,-0.07330118366941074,-0.03444736501602625,0.010737202625051893,0.0016915153891668398,-0.0008026955117507553,2.070428690989774e-05,2.1136604013141765e-05,-2.986782613680062e-06,1.2482832609261813e-07,0.0,0.0,0.0,0.0,0.0,0.9002130226637042
1999.0,16.0,2.917955033621902,-1.479168626340403,0.6857761027525842,-0.23592964893852364,-0.9535061672010131,-0.22630678923379985,0.39438134467799096,0.07143635296889263,-0.07856312439526766,-0.00552958550253901,0.008353859453050129,-0.0002558471081727797,-0.0004433724334808614,5.162521313937018e-05,7.89085016354815e-06,-1.8068388224009975e-06,9.288823877386414e-08,0.0,0.0,0.0,0.0,0.9673139020215381
1999.0,17.0,2.8993785091836615,-1.4920446658799378,0.8253024132525797,-0.21592826229996692,-1.1258086345227019,-0.22319403546229083,0.47434505603030025,0.06174033192529195,-0.09592001882547796,-0.00192431468699622,0.01014906674762814,-0.0008094527637186112,-0.0005092986503866778,8.95677124458725e-05,6.071423937672865e-06,-2.6871958294542793e-06,2.3341964505461495e-07,-6.3629751158615844e-09,0.0,0.0,0.0,0.9244847326408825
1999.0,18.0,2.955039665136659,-1.9432873482746573,0.38714365663407535,1.073167698141126,-0.6477114283819688,-1.3132894864157485,0.33858938895114515,0.4730425469698842,-0.10610150647186259,-0.08076695585073479,0.02067512259638424,0.006816204732535346,-0.0023048010267236983,-0.00020207947369269046,0.00013038337279850198,-6.575956278752853e-06,-2.65003747537203e-06,4.1046983968851337e-07,-1.7814715404394906e-08,0.0,0.0,0.9120920590735908
1999.0,19.0,2.953722535889068,-1.945305623962974,0.39532860555011196,1.0781751571341707,-0.6586460333180291,-1.3165638983007169,0.3448880544509637,0.4737008559268223,-0.10797300450010885,-0.08070941096187233,0.02097736348540657,0.006775585811954523,-0.002330255103329217,-0.0001960907086798857,0.000131230642415731,-6.9466942050154736e-06,-2.636985350929875e-06,4.1826147754501403e-07,-1.893421931357149e-08,4.707227865699256e-11,0.0,0.9115061539576641
2000.0,0.0,0.1459969909021656,0.0,0.0,0.0,0.0,0.0,0.0,0.0,0.0,0.0,0.0,0.0,0.0,0.0,0.0,0.0,0.0,0.0,0.0,0.0,0.0,-0.07127075650456982
2000.0,1.0,3.237360315775657,-2.3813392702994656,0.0,0.0,0.0,0.0,0.0,0.0,0.0,0.0,0.0,0.0,0.0,0.0,0.0,0.0,0.0,0.0,0.0,0.0,0.0,0.9339851696296274
2000.0,2.0,3.0252495181565844,-2.4780954535027,0.0372666168039014,0.0,0.0,0.0,0.0,0.0,0.0,0.0,0.0,0.0,0.0,0.0,0.0,0.0,0.0,0.0,0.0,0.0,0.0,-5.2036433207978146
2000.0,3.0,2.965268812439893,-2.4453238625041283,0.052787896138178705,-0.003985451195398825,0.0,0.0,0.0,0.0,0.0,0.0,0.0,0.0,0.0,0.0,0.0,0.0,0.0,0.0,0.0,0.0,0.0,-14.412688605781351
2000.0,4.0,2.9265372834891674,-2.5673663714811075,0.07948057218146803,0.011662233578060167,-0.0030134315860826546,0.0,0.0,0.0,0.0,0.0,0.0,0.0,0.0,0.0,0.0,0.0,0.0,0.0,0.0,0.0,0.0,-1.4731583226416127
2000.0,5.0,2.953748324979248,-2.5691113259309297,0.05962780424243299,0.013741218660933868,-0.0012694206752788865,-0.0002686893447681362,0.0,0.0,0.0,0.0,0.0,0.0,0.0,0.0,0.0,0.0,0.0,0.0,0.0,0.0,0.0,-2.795617901747041
2000.0,6.0,2.8821849904647534,-2.1658901694136308,0.10752985640842261,-0.12179240154825301,0.004610153842043806,0.009077524600950636,-0.001199929423285706,0.0,0.0,0.0,0.0,0.0,0.0,0.0,0.0,0.0,0.0,0.0,0.0,0.0,0.0,0.7049248029676487
2000.0,7.0,3.1190010785252884,-1.942265607275255,-0.23098771330225695,-0.19157239457570416,0.08024389792554203,0.0089024307466179,-0.0056205441766768865,0.0004864697747565,0.0,0.0,0.0,0.0,0.0,0.0,0.0,0.0,0.0,0.0,0.0,0.0,0.0,-0.4992586347750618
2000.0,8.0,2.956935744339536,-1.6464668150523223,0.03559279659449728,-0.38293073440790676,0.026756639603153887,0.04241458628515084,-0.004632344122663307,-0.0012601921027440293,0.00016818610625747961,0.0,0.0,0.0,0.0,0.0,0.0,0.0,0.0,0.0,0.0,0.0,0.0,0.6719321916236015
2000.0,9.0,3.06078978862826,-1.231890835118284,-0.2193117573155474,-0.6587498907793456,0.1402989977256495,0.08349273896026023,-0.021937395103693313,-0.0022468199771599404,0.001003301982714821,-7.147849928185963e-05,0.0,0.0,0.0,0.0,0.0,0.0,0.0,0.0,0.0,0.0,0.0,0.7616398455188078
2000.0,10.0,2.994950360307522,-1.1983589370922845,-0.04432612064543505,-0.7030853714954539,0.07034619106886687,0.1012248784802524,-0.013549527877182036,-0.004811802335695049,0.0007901398438437066,4.667435668996066e-05,-9.101554100918045e-06,0.0,0.0,0.0,0.0,0.0,0.0,0.0,0.0,0.0,0.0,0.9869306362386491
2000.0,11.0,2.995530677787196,-1.2176056740708865,-0.04497741975746079,-0.6826337368318152,0.06873282053090866,0.09538693412839469,-0.012637128323830378,-0.004217663144798604,0.0006524010442377115,3.154788583322491e-05,-2.8814692091753475e-06,-4.3558582802542227e-07,0.0,0.0,0.0,0.0,0.0,0.0,0.0,0.0,0.0,0.9814421592357132
2000.0,12.0,2.921746145364916,-1.2911822870339036,0.241186671594004,-0.6144934115112367,-0.1127142356891085,0.08982410313430242,0.02818379751589836,-0.007844671640090999,-0.0030090743868896415,0.0006912408293812516,8.886958607087447e-05,-3.038744637841384e-05,1.9227110731837846e-06,0.0,0.0,0.0,0.0,0.0,0.0,0.0,0.0,0.5554891131594224
2000.0,13.0,2.974808655704312,-1.5077921917104529,0.018811345134796358,-0.2778299572416093,0.014732439010109488,-0.06308812678631291,0.01070598369327399,0.0211247475617063,-0.004090966882085944,-0.0016662361353329863,0.00042298330051934073,2.7478641602567492e-05,-1.3726994108045638e-05,9.273267118175348e-07,0.0,0.0,0.0,0.0,0.0,0.0,0.0,0.9907754421009037
2000.0,14.0,2.9300905713684986,-1.6927508944312224,0.26016136171533594,0.015342802556434327,-0.2138564407231735,-0.18182439114412516,0.09407960846647967,0.03693900567942346,-0.018081768871671657,-0.0017413739605413932,0.001480836226132113,-9.063618888774621e-05,-3.9175061175754055e-05,6.7989447069444074e-06,-3.2307139678457097e-07,0.0,0.0,0.0,0.0,0.0,0.0,0.9186384823482557
2000.0,15.0,3.0073215096189236,-1.7997828876861461,-0.18621189730254953,0.2608471814918882,0.1884414017213592,-0.35960000438847933,-0.03139162601065215,0.09407413481110927,-0.00273351129847717,-0.010615549794969353,0.0010938772666102662,0.0005459119914316819,-9.463814612390631e-05,-8.253629511844281e-06,2.704005858830022e-06,-1.5544949582312867e-07,0.0,0.0,0.0,0.0,0.0,0.9869954003492503
2000.0,16.0,3.0055273048518387,-1.8629449625511167,-0.17051338462160073,0.39848888068398686,0.15845747487881393,-0.4440665657216004,-0.010172615389343774,0.11557130913786895,-0.00937949197803884,-0.013020465158509898,0.00209072963034723,0.0006255351454872987,-0.0001637353335113473,-3.653280811243851e-06,4.31573594434898e-06,-4.4283579976256134e-07,1.3839393145898464e-08,0.0,0.0,0.0,0.0,0.9615051352200128
2000.0,17.0,3.08740628435982,-1.807341261324033,-0.7867426033097121,0.31275283900613554,0.920135390993597,-0.45974458138372776,-0.3636838119221007,0.15907512258990275,0.06730348751391944,-0.029062936390570355,-0.005828109229469807,0.0030804145945387113,0.00012566360985233243,-0.00017150268643412875,1.2440150188829023e-05,3.442077902762081e-06,-6.075930750766109e-07,2.816102876687912e-08,0.0,0.0,0.0,0.9481921778255538
2000.0,18.0,3.081914232899665,-1.7601721470181044,-0.7434702378252092,0.1785142749160462,0.8733144522889725,-0.3467130914033168,-0.3509213119984644,0.1166185435927366,0.068646654739975,-0.020962917402994833,-0.006947510781226808,0.0023014025269671667,0.00031237727846891754,-0.00014204107000103294,-3.633627704975035e-07,3.859295904781376e-06,-3.1270151989485076e-07,-1.4702133389527708e-08,1.8360953775811324e-09,0.0,0.0,0.9677994373725077
2000.0,19.0,3.131152663782547,-1.6105344569541116,-1.2043233893123027,-0.2682974033157715,1.613426721654207,-0.005109108363849597,-0.8203514821333686,0.02413584449412181,0.21757424024016597,-0.016688910358164687,-0.032431674026463436,0.004621040674499422,0.0026036793979265452,-0.0005872306311017824,-8.676580956079874e-05,3.455834771487733e-05,-9.353359394032465e-07,-7.149274851208904e-07,9.601137599484907e-08,-3.842646770349282e-09,0.0,0.9747573427008086
2001.0,0.0,0.20315129617280114,0.0,0.0,0.0,0.0,0.0,0.0,0.0,0.0,0.0,0.0,0.0,0.0,0.0,0.0,0.0,0.0,0.0,0.0,0.0,0.0,-0.09822472422448691
2001.0,1.0,3.340466536267138,-2.419686316484328,0.0,0.0,0.0,0.0,0.0,0.0,0.0,0.0,0.0,0.0,0.0,0.0,0.0,0.0,0.0,0.0,0.0,0.0,0.0,0.20377868131608956
2001.0,2.0,3.0753251823476293,-2.54029329208228,0.046509678857902824,0.0,0.0,0.0,0.0,0.0,0.0,0.0,0.0,0.0,0.0,0.0,0.0,0.0,0.0,0.0,0.0,0.0,0.0,-43.39642293550619
2001.0,3.0,3.0671959292270228,-2.5358398175883696,0.04861093256617837,-0.0005402044379965877,0.0,0.0,0.0,0.0,0.0,0.0,0.0,0.0,0.0,0.0,0.0,0.0,0.0,0.0,0.0,0.0,0.0,-48.3820311240246
2001.0,4.0,2.9962282517472802,-2.7577744619205515,0.09735051214789663,0.02787695211581401,-0.005479255330739853,0.0,0.0,0.0,0.0,0.0,0.0,0.0,0.0,0.0,0.0,0.0,0.0,0.0,0.0,0.0,0.0,-1.5574340625032974
2001.0,5.0,2.9605547581888025,-2.7553823104965582,0.12334676062839744,0.025135377474238448,-0.00775932178176144,0.0003517049004982438,0.0,0.0,0.0,0.0,0.0,0.0,0.0,0.0,0.0,0.0,0.0,0.0,0.0,0.0,0.0,-0.5476075481338614
2001.0,6.0,2.881827760160017,-2.306632058427965,0.17570203362694606,-0.12547561738182567,-0.0011208457555323625,0.010718177363754139,-0.0013325412360335207,0.0,0.0,0.0,0.0,0.0,0.0,0.0,0.0,0.0,0.0,0.0,0.0,0.0,0.0,0.23870381462381762
2001.0,7.0,3.1119847962583673,-2.0911064672377373,-0.15285987254633074,-0.19250496000300252,0.07214618281862856,0.010496817883459004,-0.005605410889140825,0.00047078488866662875,0.0,0.0,0.0,0.0,0.0,0.0,0.0,0.0,0.0,0.0,0.0,0.0,0.0,-2.357107643880897
2001.0,8.0,2.897250792418677,-1.6964313402149294,0.19988344714460682,-0.44730589212504723,0.0015587382789541936,0.055005153675002603,-0.004326583336471067,-0.001843021636403095,0.0002230683530109779,0.0,0.0,0.0,0.0,0.0,0.0,0.0,0.0,0.0,0.0,0.0,0.0,0.5040014805132815
2001.0,9.0,3.038608443036097,-1.1382311639352973,-0.14632031965909287,-0.8181169417184367,0.15522101106317582,0.11009523373639334,-0.027664323301132117,-0.003153936153238705,0.001345907688589932,-9.622236389072059e-05,0.0,0.0,0.0,0.0,0.0,0.0,0.0,0.0,0.0,0.0,0.0,-0.34538135050699736
2001.0,10.0,2.97970028152868,-1.107576629290543,0.010058993473185526,-0.8582905846130683,0.09281230490977123,0.1260409850034436,-0.020199261042648645,-0.005448925410707816,0.0011574167366895974,9.117671702487434e-06,-8.124456974397684e-06,0.0,0.0,0.0,0.0,0.0,0.0,0.0,0.0,0.0,0.0,0.6321459119230243
2001.0,11.0,2.9772642044099658,-1.0210101371398428,0.012430232094144594,-0.9501435056279459,0.10032526049115514,0.1522100189983503,-0.024333242137748894,-0.008105484069230989,0.0017766249291757594,7.63980651137495e-05,-3.5969350102457435e-05,1.9523316381054426e-06,0.0,0.0,0.0,0.0,0.0,0.0,0.0,0.0,0.0,0.8296503721449411
2001.0,12.0,2.932405316773737,-1.0649393700000807,0.1861951655319893,-0.9097262515397606,-0.00965536826253547,0.14913911561554677,0.0003544348698722539,-0.01033674400384535,-0.00043182250280991333,0.00047658442433764776,1.911408827292095e-05,-1.612631266111868e-05,1.1619439674828018e-06,0.0,0.0,0.0,0.0,0.0,0.0,0.0,0.0,0.49158047943014826
2001.0,13.0,2.9977092893673682,-1.3348758251801598,-0.0870998627663702,-0.4909252952365514,0.14641430073682796,-0.040633464776844624,-0.02078931125249859,0.025520407321649643,-0.0018245063089157875,-0.002432865803293306,0.0004340972120364737,5.497672641103035e-05,-1.8158061574840022e-05,1.146213948633184e-06,0.0,0.0,0.0,0.0,0.0,0.0,0.0,0.9240588401049316
2001.0,14.0,2.936365380367069,-1.58514611846764,0.24352024382877288,-0.09488061859297268,-0.16588269386669585,-0.20057375666656074,0.09275197033342351,0.04668414239039747,-0.020816100634221468,-0.0025057350255475474,0.0018654121620904685,-0.00010602170009115411,-5.244391874399984e-05,9.09027873908943e-06,-4.3764092776466584e-07,0.0,0.0,0.0,0.0,0.0,0.0,0.7654257738241029
2001.0,15.0,3.0111376556417055,-1.6907685211557177,-0.18824670116274975,0.14641413403903955,0.22259913432772382,-0.37440359614706453,-0.028099186487850775,0.10228682336766091,-0.0061021530660685394,-0.011107069689667449,0.0015043219761285175,0.0005087362359819613,-0.00010648098154418521,-5.3860941644758525e-06,2.4845646800320074e-06,-1.5024615625394605e-07,0.0,0.0,0.0,0.0,0.0,0.9253019681605589
2001.0,16.0,3.0060322401095028,-1.8688870084388178,-0.1429471926163154,0.5341498989808176,0.13666323875769798,-0.6119608391486046,0.032259234969509845,0.16261031767238823,-0.024903496807128663,-0.01783198710982502,0.004312771957977726,0.0007289047481523904,-0.0003004740537035807,7.649661999016e-06,6.9924922605305025e-06,-9.563735857125039e-07,3.8858265095306795e-08,0.0,0.0,0.0,0.0,0.9323994639075124
2001.0,17.0,3.0647726618127873,-1.8304892937152668,-0.5846022701950534,0.4764988208450442,0.6816954840891704,-0.6258500794608234,-0.22017411646928417,0.19449916691829214,0.029710909844376777,-0.02939550135414476,-0.001306922092125682,0.0024859161385490415,-9.68375595959952e-05,-0.00011193452901130106,1.2863379238599378e-05,1.7996796162034292e-06,-4.033234664292227e-07,2.0059915927080855e-08,0.0,0.0,0.0,0.9085944196036034
2001.0,18.0,3.059756420470855,-1.7905086377364359,-0.5454471381136654,0.3620045429020745,0.6392439862874448,-0.5289649196427724,-0.20826509642972885,0.15797120387606248,0.030677914670168834,-0.022407167274458746,-0.002250862255542805,0.0018122159322951916,6.291036318533123e-05,-8.63444577168279e-05,1.8587933765994253e-06,2.1517781689259594e-06,-1.493324737311105e-07,-1.675983294389506e-08,1.5753163340967237e-09,0.0,0.0,0.9225865355907104
2001.0,19.0,3.109672643273339,-1.684108490273969,-1.0070579441583098,0.005665483275217483,1.371711738523519,-0.24801539394583966,-0.6677638016830619,0.08418549644721178,0.17507688426642523,-0.02102083936365165,-0.026751673637733973,0.004328605108007282,0.002245527530266493,-0.0005310917167146395,-7.892974202860953e-05,3.211193880632055e-05,-8.454285477857393e-07,-6.911535397045915e-07,9.343468555918356e-08,-3.770228439787717e-09,0.0,0.9184282818823644
2002.0,0.0,0.049207172065863114,0.0,0.0,0.0,0.0,0.0,0.0,0.0,0.0,0.0,0.0,0.0,0.0,0.0,0.0,0.0,0.0,0.0,0.0,0.0,0.0,-0.07972698396955558
2002.0,1.0,3.1615951129977207,-2.3917365498235115,0.0,0.0,0.0,0.0,0.0,0.0,0.0,0.0,0.0,0.0,0.0,0.0,0.0,0.0,0.0,0.0,0.0,0.0,0.0,0.8346846749519823
2002.0,2.0,2.8584742617740266,-2.5307839228082663,0.053425969170331725,0.0,0.0,0.0,0.0,0.0,0.0,0.0,0.0,0.0,0.0,0.0,0.0,0.0,0.0,0.0,0.0,0.0,0.0,-16.461365336545875
2002.0,3.0,2.8361257616085265,-2.518638420519041,0.05922208809110297,-0.0014846895316936927,0.0,0.0,0.0,0.0,0.0,0.0,0.0,0.0,0.0,0.0,0.0,0.0,0.0,0.0,0.0,0.0,0.0,-22.8123639384358
2002.0,4.0,2.770953196197774,-2.727136075259781,0.10445222364270246,0.025319565260484064,-0.005149479845557143,0.0,0.0,0.0,0.0,0.0,0.0,0.0,0.0,0.0,0.0,0.0,0.0,0.0,0.0,0.0,0.0,0.0030213941066948857
2002.0,5.0,2.8798461345890125,-2.7334827911929933,0.02481897324896121,0.033541349030207133,0.0018683365486875285,-0.0010785781609275338,0.0,0.0,0.0,0.0,0.0,0.0,0.0,0.0,0.0,0.0,0.0,0.0,0.0,0.0,0.0,-4.826237893581781
2002.0,6.0,2.826076220108409,-2.4373121516175935,0.061263873770673945,-0.06630838169099988,0.006061281613300159,0.005832746925697634,-0.0008851761403907001,0.0,0.0,0.0,0.0,0.0,0.0,0.0,0.0,0.0,0.0,0.0,0.0,0.0,0.0,0.8275443311088686
2002.0,7.0,3.143056927270482,-2.1329866938239963,-0.3930493395632713,-0.16189281762678273,0.10796151054486486,0.00574060978270555,-0.00686725077380803,0.0006567096579966598,0.0,0.0,0.0,0.0,0.0,0.0,0.0,0.0,0.0,0.0,0.0,0.0,0.0,-0.48636728492760484
2002.0,8.0,3.0195590984241396,-1.9106951550912448,-0.18936844567800126,-0.3062898008601615,0.0668795611660473,0.03115887211341328,-0.006079296525826563,-0.0006749479220398112,0.00012791521195200424,0.0,0.0,0.0,0.0,0.0,0.0,0.0,0.0,0.0,0.0,0.0,0.0,0.6306372271614125
2002.0,9.0,3.1581394964285767,-1.3453158757697365,-0.5309985934337611,-0.6835738850978488,0.22014860267835418,0.08762238854800997,-0.029604247771291912,-0.002055915993644531,0.0012700904581779279,-9.752362756217742e-05,0.0,0.0,0.0,0.0,0.0,0.0,0.0,0.0,0.0,0.0,0.0,0.19664732025463094
2002.0,10.0,3.085746386418656,-1.3100421228946388,-0.3381427756601075,-0.7310831506005697,0.14279106233146374,0.10692214096324594,-0.020283486219347467,-0.004876157046652384,0.0010302017283595282,3.331720411778851e-05,-1.005455614931971e-05,0.0,0.0,0.0,0.0,0.0,0.0,0.0,0.0,0.0,0.0,0.8808976409676826
2002.0,11.0,3.076854342415298,-1.0496984453535187,-0.3259865603134356,-1.0085234016248417,0.16307356024640202,0.18642269636822068,-0.03244302241537156,-0.013007804505219612,0.002895209288664804,0.00024249565514840882,-9.498916010218719e-05,5.933509185417031e-06,0.0,0.0,0.0,0.0,0.0,0.0,0.0,0.0,0.0,0.9788205266911003
2002.0,12.0,3.000288427242889,-1.128806924021693,-0.028296163225951382,-0.9343381612898278,-0.026363915861315174,0.17957685519537114,0.010366317814162893,-0.016681076152382172,-0.0009652579850713138,0.0009301209900780676,2.643520054721531e-06,-2.5602693091867654e-05,2.019519794883815e-06,0.0,0.0,0.0,0.0,0.0,0.0,0.0,0.0,0.9422125616765762
2002.0,13.0,3.0082402020037926,-1.160483114667869,-0.06172433073811459,-0.8849297130688661,-0.007068983911111368,0.1570289457678414,0.007657673595703532,-0.012386392148339696,-0.0011127430884209527,0.00057856552856057,5.183025793789242e-05,-1.6897927251855327e-05,-3.1280871663929733e-07,1.3786370313648854e-07,0.0,0.0,0.0,0.0,0.0,0.0,0.0,0.9668447528394228
2002.0,14.0,2.9463070855701585,-1.4241055214052196,0.2737570787124846,-0.46568831957308016,-0.32664073145852235,-0.013729871774656765,0.1249828624496805,0.010646402057684546,-0.020930247472051,0.0004112646298245679,0.0015600168923296358,-0.00018281832852349824,-3.690233566699069e-05,8.510510090087966e-06,-4.5956300261778417e-07,0.0,0.0,0.0,0.0,0.0,0.0,0.9283453329335121
2002.0,15.0,2.9816951133968783,-1.4712919100046278,0.0686290247097984,-0.35646405424621797,-0.14105835601700184,-0.09370187233080332,0.06679011360644263,0.036605328510887124,-0.013744627746660958,-0.0036544005807420702,0.001369419325772722,0.00011096401664461956,-6.205058028377153e-05,1.5044491932187242e-06,9.389216611712101e-07,-7.164541617888518e-08,0.0,0.0,0.0,0.0,0.0,0.9799731028287536
2002.0,16.0,2.9750223393621815,-1.7671742919919258,0.1320296785861206,0.29063823218097146,-0.2718570046909681,-0.49259292411355055,0.16303278028955304,0.13871156210286015,-0.04451011403171207,-0.01517704580632865,0.0060422885111061616,0.0005033962862190272,-0.00038895495829796887,2.273190212395136e-05,8.635039380250857e-06,-1.433541462310199e-06,6.540959281464838e-08,0.0,0.0,0.0,0.0,0.9407988812686545
2002.0,17.0,3.0185446446831743,-1.7342546509884769,-0.1965557321093808,0.23710044294136243,0.13583555784777676,-0.49576565491887115,-0.027072714737512556,0.16054727654235337,-0.0030368084958800174,-0.02359757384782774,0.001725920973834725,0.001814268337221383,-0.000228226142460635,-6.783790875280069e-05,1.2872657873933469e-05,6.82372981806813e-07,-2.70675247235162e-07,1.5189483614322913e-08,0.0,0.0,0.0,0.9922569826460742
2002.0,18.0,3.047826551141817,-1.8977009097985382,-0.4218784964288743,0.7179599158922235,0.38850147183743017,-0.9145909023318203,-0.11064026300065613,0.32301046540376654,-0.0003797811204415948,-0.055559259350075406,0.005157253565153479,0.004992886269335174,-0.0009063813148272668,-0.00019581076698171876,6.233165998707879e-05,-5.340049141049685e-07,-1.4564835650788729e-06,1.819289444202183e-07,-7.041241196737551e-09,0.0,0.0,0.9615918548704006
2002.0,19.0,3.062690631520074,-1.8676463361129874,-0.5774592527957861,0.6088813525283029,0.6545265445026912,-0.823781743604815,-0.2858433596039427,0.29929494151708685,0.05660554030993137,-0.05592487889241757,-0.004766483885138875,0.006127843409721328,-4.882224498913129e-06,-0.000389235349211828,2.870401479789651e-05,1.2531783996565231e-05,-1.793368260464828e-06,-1.1474220217224382e-07,3.4115525285596173e-08,-1.7100394479866565e-09,0.0,0.9887717195604078
2003.0,0.0,0.10532114682354253,0.0,0.0,0.0,0.0,0.0,0.0,0.0,0.0,0.0,0.0,0.0,0.0,0.0,0.0,0.0,0.0,0.0,0.0,0.0,0.0,-0.09295186572100023
2003.0,1.0,3.2055555142575414,-2.3823968876706556,0.0,0.0,0.0,0.0,0.0,0.0,0.0,0.0,0.0,0.0,0.0,0.0,0.0,0.0,0.0,0.0,0.0,0.0,0.0,0.49894541328113673
2003.0,2.0,2.973809637248084,-2.4887031840400353,0.04084591297995151,0.0,0.0,0.0,0.0,0.0,0.0,0.0,0.0,0.0,0.0,0.0,0.0,0.0,0.0,0.0,0.0,0.0,0.0,-18.308247004806777
2003.0,3.0,2.944743376349116,-2.4729068513284553,0.0483842939872627,-0.0019309740866021799,0.0,0.0,0.0,0.0,0.0,0.0,0.0,0.0,0.0,0.0,0.0,0.0,0.0,0.0,0.0,0.0,0.0,-27.6299405429603
2003.0,4.0,2.8905407784880803,-2.6463097946810312,0.08600120942929862,0.020361538961943,-0.004282709871435585,0.0,0.0,0.0,0.0,0.0,0.0,0.0,0.0,0.0,0.0,0.0,0.0,0.0,0.0,0.0,0.0,-1.633608441824829
2003.0,5.0,2.928909260819487,-2.6485460624246646,0.05794239277011654,0.02325848851017041,-0.0018099786678574458,-0.00038003756328522327,0.0,0.0,0.0,0.0,0.0,0.0,0.0,0.0,0.0,0.0,0.0,0.0,0.0,0.0,0.0,-3.5855209645883024
2003.0,6.0,2.859878765968683,-2.2683186188985207,0.10473081679914686,-0.10492980462835921,0.003572973178520477,0.008492805430023048,-0.001136399836954265,0.0,0.0,0.0,0.0,0.0,0.0,0.0,0.0,0.0,0.0,0.0,0.0,0.0,0.0,0.7927457631961462
2003.0,7.0,3.128544395898651,-2.0103792772077416,-0.2803347210972127,-0.18594499981736198,0.08994128803059656,0.008414712263954856,-0.006206670162206314,0.0005566121588436671,0.0,0.0,0.0,0.0,0.0,0.0,0.0,0.0,0.0,0.0,0.0,0.0,0.0,-0.8781556966437545
2003.0,8.0,2.9808671717865964,-1.7445658126191717,-0.03677556696102153,-0.3586131319371366,0.040815988672767686,0.03880955831637581,-0.005264443650766259,-0.0010357676736761075,0.00015295943877415,0.0,0.0,0.0,0.0,0.0,0.0,0.0,0.0,0.0,0.0,0.0,0.0,0.6720664945236479
2003.0,9.0,3.0946508709311327,-1.2803522787116504,-0.31727648667898667,-0.6683881415401601,0.16665996992825788,0.08516981103851837,-0.024579976083154816,-0.0021696328628146313,0.0010907603777543322,-8.007330986253403e-05,0.0,0.0,0.0,0.0,0.0,0.0,0.0,0.0,0.0,0.0,0.0,0.7381076833940103
2003.0,10.0,3.020175711739771,-1.2440641798418466,-0.11887418409575692,-0.7172636799834977,0.0870776625598958,0.1050246006212713,-0.014991154386673507,-0.005070981366065664,0.0008439725371603127,5.453039219235478e-05,-1.0343715622310854e-05,0.0,0.0,0.0,0.0,0.0,0.0,0.0,0.0,0.0,0.0,0.9663278997339086
2003.0,11.0,3.016699188609419,-1.1422688394745444,-0.11412165459333218,-0.8257436587263642,0.09500838246016718,0.13610952144482177,-0.019745590108035307,-0.008250473160518926,0.0015731961967235207,0.00013631948764864895,-4.3553353243862954e-05,2.3200175322205397e-06,0.0,0.0,0.0,0.0,0.0,0.0,0.0,0.0,0.0,0.9666653368878038
2003.0,12.0,2.9474519163285673,-1.2138155642627848,0.15511120637298356,-0.7586497255254355,-0.07631930382686605,0.12991794928983244,0.018971208358921472,-0.011572555940232435,-0.0019182104996986727,0.000758205990683399,4.474567465843033e-05,-2.6201259105159937e-05,1.826447737396882e-06,0.0,0.0,0.0,0.0,0.0,0.0,0.0,0.0,0.9202063207715423
2003.0,13.0,2.984466864945241,-1.361387184071765,-0.0005318243288583227,-0.5284749221121374,0.01352385910071777,0.024879454626979457,0.006361129890619866,0.008433478962033683,-0.002605934275865638,-0.0008794124885635315,0.00027390039759720515,1.4345594243538067e-05,-9.038598626956867e-06,6.42251628690012e-07,0.0,0.0,0.0,0.0,0.0,0.0,0.0,0.9647571029489729
2003.0,14.0,2.9381406277487754,-1.5585630173190408,0.2504073953792826,-0.21487555205226325,-0.22551862267543044,-0.10285878777180099,0.09412386229536918,0.025664626494956093,-0.017430471883720457,-0.0010047263186997043,0.001402136988920048,-0.00010976846999878453,-3.641127207713258e-05,6.905639700103376e-06,-3.4378522256511525e-07,0.0,0.0,0.0,0.0,0.0,0.0,0.8551307541667633
2003.0,15.0,3.009185757211548,-1.6527457889549426,-0.16132836124622638,0.0035382455041985394,0.14701895543762086,-0.2630021645577729,-0.022719646705215646,0.07769624835682505,-0.0029958086537301572,-0.009158801685016236,0.001018140074890322,0.0004796809335432618,-8.681480814476465e-05,-7.156838132205022e-06,2.461993887537601e-06,-1.4372041734291483e-07,0.0,0.0,0.0,0.0,0.0,0.9757185697016035
2003.0,16.0,3.0051398584435858,-1.8327655046408013,-0.12295513776532363,0.396673733116255,0.06775677432821559,-0.5051325059799769,0.03562354053242964,0.1396406568299173,-0.021645208282820957,-0.01614675180461652,0.003850281333461386,0.0007176894789361843,-0.0002849123506832622,5.699618878448699e-06,7.125104853027319e-06,-9.687105373289356e-07,3.9617344534714576e-08,0.0,0.0,0.0,0.0,0.977046045692619
2003.0,17.0,3.065803948728046,-1.7877914879746797,-0.5806114693832569,0.3239052052781584,0.635333659899393,-0.5105869140668289,-0.22893175032002921,0.1703027807349838,0.0360476359319403,-0.02790160615872526,-0.0021511270368648246,0.002544363445986824,-6.175189955822734e-05,-0.00012040371424569279,1.3043504619600012e-05,1.9756343441294515e-06,-4.2836861546305176e-07,2.1156974173691898e-08,0.0,0.0,0.0,0.9561617250394738
2003.0,18.0,3.0682443428945825,-1.8070289553739958,-0.5998848172007786,0.37888196225122317,0.6565391116849095,-0.5572174165772825,-0.23512672965760698,0.18796683427808003,0.035699496141437276,-0.03130273476675709,-0.0017087692318113411,0.00287504996531285,-0.0001385962063498595,-0.00013317101457747054,1.8408018610381672e-05,1.8132469960019019e-06,-5.535877987446501e-07,3.918786791491444e-08,-7.694705578641108e-10,0.0,0.0,0.9484102076986988
2003.0,19.0,3.1098379430947367,-1.6844441339247256,-0.9906116773628572,-0.002728039781909962,1.2875428418687553,-0.25873437463355353,-0.6381134577849293,0.10509906282421558,0.16451926988062526,-0.026857440058426378,-0.02392853961977928,0.004807423446780396,0.0018768692775060264,-0.0005176751227477388,-5.8626480924085444e-05,2.8700988699114885e-05,-1.057897093634464e-06,-5.805637347850454e-07,8.213163146568872e-08,-3.375556694267031e-09,0.0,0.9918459906813298
2004.0,0.0,-0.06165048156211772,0.0,0.0,0.0,0.0,0.0,0.0,0.0,0.0,0.0,0.0,0.0,0.0,0.0,0.0,0.0,0.0,0.0,0.0,0.0,0.0,-0.10285076488051281
2004.0,1.0,3.0159507065483884,-2.3765415262869207,0.0,0.0,0.0,0.0,0.0,0.0,0.0,0.0,0.0,0.0,0.0,0.0,0.0,0.0,0.0,0.0,0.0,0.0,0.0,0.6202356043981918
2004.0,2.0,2.6353543350117525,-2.549179006280614,0.0666558328994813,0.0,0.0,0.0,0.0,0.0,0.0,0.0,0.0,0.0,0.0,0.0,0.0,0.0,0.0,0.0,0.0,0.0,0.0,-82.8557607450887
2004.0,3.0,2.6250660871887037,-2.5435276349607934,0.06931215094400502,-0.0006837414191082152,0.0,0.0,0.0,0.0,0.0,0.0,0.0,0.0,0.0,0.0,0.0,0.0,0.0,0.0,0.0,0.0,0.0,-94.53165703125057
2004.0,4.0,2.5093808682984173,-2.902589532893961,0.14848940939379512,0.04522974989354046,-0.008863666194266083,0.0,0.0,0.0,0.0,0.0,0.0,0.0,0.0,0.0,0.0,0.0,0.0,0.0,0.0,0.0,0.0,0.3951770789268203
2004.0,5.0,2.576012864325766,-2.9072532749477022,0.0999900479231456,0.05038050455207695,-0.004616683464956529,-0.0006559089678228557,0.0,0.0,0.0,0.0,0.0,0.0,0.0,0.0,0.0,0.0,0.0,0.0,0.0,0.0,0.0,-0.8704507868356104
2004.0,6.0,2.542143091926821,-2.711912870031727,0.12236409856039644,-0.015081839243569472,-0.0016856629425510057,0.0038413778267261103,-0.0005788051801384617,0.0,0.0,0.0,0.0,0.0,0.0,0.0,0.0,0.0,0.0,0.0,0.0,0.0,0.0,0.7825662668485915
2004.0,7.0,2.8824862211054203,-2.395878316357632,-0.36284889849048496,-0.11303923973665272,0.10630362131945167,0.0034387979596045095,-0.006862788573327079,0.0006932183579126831,0.0,0.0,0.0,0.0,0.0,0.0,0.0,0.0,0.0,0.0,0.0,0.0,0.0,-1.4398778502599545
2004.0,8.0,2.791388919303342,-2.227267581864893,-0.2134040636077723,-0.22167137544836837,0.07647817089576245,0.022365950318876976,-0.006333261386762497,-0.00028819015500172355,9.473116981493301e-05,0.0,0.0,0.0,0.0,0.0,0.0,0.0,0.0,0.0,0.0,0.0,0.0,0.15233316374938422
2004.0,9.0,2.971401444132145,-1.5240690123233305,-0.6533303184015206,-0.688095292084079,0.2710501987162936,0.09149008249263278,-0.035781077965335625,-0.001917551102941928,0.0015072597019419362,-0.00012119585724702239,0.0,0.0,0.0,0.0,0.0,0.0,0.0,0.0,0.0,0.0,0.0,-0.021761247458720545
2004.0,10.0,2.942799242422219,-1.5088669147555527,-0.5774916922320825,-0.7078471899597135,0.24083552047736584,0.09927144398124134,-0.03217575817294301,-0.003031886280357256,0.0014168188928527156,-7.02295775218291e-05,-3.9356443691309695e-06,0.0,0.0,0.0,0.0,0.0,0.0,0.0,0.0,0.0,0.0,0.42689214553525057
2004.0,11.0,2.9307416623229208,-1.047199102907609,-0.567828207149829,-1.1969995389202994,0.28226951059501654,0.23836291574152815,-0.05438356760330515,-0.017116104523861076,0.0047175070188712,0.0002845847876552164,-0.0001517394891367635,1.0375910372260634e-05,0.0,0.0,0.0,0.0,0.0,0.0,0.0,0.0,0.0,0.9746880215942851
2004.0,12.0,2.87572064841409,-1.1000927091306818,-0.35496348829379926,-1.1486643448413196,0.14778395207291484,0.23497669001090735,-0.024262592224060225,-0.019884676588713953,0.00203027210180311,0.0007743399456350718,-8.502795950623514e-05,-1.1638440663047675e-05,1.416634896125616e-06,0.0,0.0,0.0,0.0,0.0,0.0,0.0,0.0,0.9820236102929425
2004.0,13.0,2.8446589176176,-0.9701605927770139,-0.22518747487560573,-1.349905272780309,0.07394691684819907,0.325955436641919,-0.014383836065920598,-0.03702974009553056,0.002721508112992892,0.002161442386476073,-0.0002841268678039018,-4.538941323866866e-05,1.0630475501022781e-05,-5.473026334941594e-07,0.0,0.0,0.0,0.0,0.0,0.0,0.0,0.8860575317925736
2004.0,14.0,2.7720957566478717,-1.2621116642059322,0.16523839001679497,-0.8887108377711427,-0.2938204041504,0.14025267474835149,0.11889519268337924,-0.012620040791716058,-0.01949926543216848,0.0021100399358783386,0.0013851187935601255,-0.00023452916191330576,-2.9184121613811344e-05,8.716662488533071e-06,-5.10978600086997e-07,0.0,0.0,0.0,0.0,0.0,0.0,0.9654039105675652
2004.0,15.0,2.745287481763729,-1.2233780962239624,0.3198572234502014,-0.9767296543244448,-0.43267996278267834,0.20327649561390554,0.16197171821104514,-0.03267128833111293,-0.02471709743608653,0.005198029746970703,0.0015092769225099178,-0.00045437658515737605,-9.674956511408613e-06,1.3870398608638285e-05,-1.5556269403289053e-06,5.378250865336491e-08,0.0,0.0,0.0,0.0,0.0,0.9209066546123672
2004.0,16.0,2.732868107284727,-1.6227340711153524,0.42747107567868925,-0.10854719029124893,-0.631358772273478,-0.3275871276522821,0.29934239794088674,0.1017670551372864,-0.0671280572388154,-0.009725656567942024,0.007808086000374131,2.7166848377043327e-05,-0.0004428661062502769,4.332571582576542e-05,8.465471292237596e-06,-1.744987564218378e-06,8.682129540273147e-08,0.0,0.0,0.0,0.0,0.9699798470400182
2004.0,17.0,2.725878284655722,-1.6269054948744905,0.47990938977599046,-0.10232648962489505,-0.6960120248268102,-0.3256293888120981,0.32926376023126747,0.09791093498044103,-0.0735954095967194,-0.008345155897884015,0.008472534055054447,-0.00018168471295151956,-0.0004668356467358912,5.750536455126352e-05,7.763786156660356e-06,-2.0710453912673725e-06,1.3922361174720564e-07,-2.378763538517181e-09,0.0,0.0,0.0,0.9603359557176424
2004.0,18.0,2.766107931755049,-1.9671317412687506,0.1666027594280375,0.8655917798783278,-0.3605355951528842,-1.1393424659966809,0.23962020101695855,0.4027274882520096,-0.08396095121075078,-0.06628413387667616,0.016594397013472966,0.005363129809139638,-0.0018070754317430788,-0.00015030549422926097,9.904859142398507e-05,-5.121852552588018e-06,-1.9499297683439074e-06,3.0222646036848257e-07,-1.3061802931933405e-08,0.0,0.0,0.960206097694162
2004.0,19.0,2.773031136842309,-1.9264996612147844,0.08749633607732746,0.7479212955243972,-0.2211000271792744,-1.048814743043437,0.14587250005251023,0.3766001858339384,-0.053005595209288214,-0.06415784080023988,0.011140159305460855,0.00573471785380838,-0.0013042459198761216,-0.00023919803263230887,7.93632022665133e-05,1.3410638203152796e-06,-2.043944053654623e-06,1.5077400790377634e-07,6.838413970891804e-09,-8.033842344319951e-10,0.0,0.97593105197427
2005.0,0.0,0.33647042320693876,0.0,0.0,0.0,0.0,0.0,0.0,0.0,0.0,0.0,0.0,0.0,0.0,0.0,0.0,0.0,0.0,0.0,0.0,0.0,0.0,-0.10256721241287159
2005.0,1.0,3.52728992332901,-2.4609520235998694,0.0,0.0,0.0,0.0,0.0,0.0,0.0,0.0,0.0,0.0,0.0,0.0,0.0,0.0,0.0,0.0,0.0,0.0,0.0,-26.835052755388862
2005.0,2.0,3.285758979254371,-2.57081914440345,0.0423680672984011,0.0,0.0,0.0,0.0,0.0,0.0,0.0,0.0,0.0,0.0,0.0,0.0,0.0,0.0,0.0,0.0,0.0,0.0,-547.4832593416875
2005.0,3.0,3.4908032867365915,-2.683149217864678,-0.010631895435476652,0.013625587015087866,0.0,0.0,0.0,0.0,0.0,0.0,0.0,0.0,0.0,0.0,0.0,0.0,0.0,0.0,0.0,0.0,0.0,-42.53734086455078
2005.0,4.0,3.32565358426572,-3.199615901914985,0.10279054436424034,0.07975548139191177,-0.012750838543021609,0.0,0.0,0.0,0.0,0.0,0.0,0.0,0.0,0.0,0.0,0.0,0.0,0.0,0.0,0.0,0.0,0.7801744601404963
2005.0,5.0,3.342104713418748,-3.200719058710842,0.09080215786985532,0.08101978070151555,-0.011699366910845213,-0.00016219162629196374,0.0,0.0,0.0,0.0,0.0,0.0,0.0,0.0,0.0,0.0,0.0,0.0,0.0,0.0,0.0,0.8098065989682364
2005.0,6.0,3.3581284502062982,-3.292055636886995,0.08014600200593305,0.11167445521177424,-0.013050531746707792,-0.0022721361240422163,0.0002712193561605397,0.0,0.0,0.0,0.0,0.0,0.0,0.0,0.0,0.0,0.0,0.0,0.0,0.0,0.0,0.9274254553072353
2005.0,7.0,3.4407376515103936,-3.214698022198442,-0.03778321159511414,0.0876159193124858,0.013246866697897307,-0.0023515875731670295,-0.001262422179181444,0.0001689766638919924,0.0,0.0,0.0,0.0,0.0,0.0,0.0,0.0,0.0,0.0,0.0,0.0,0.0,0.7087320722463168
2005.0,8.0,3.361351301188662,-3.0687881019844796,0.09262467149254448,-0.0065830350244786414,-0.012849047515122461,0.014102978258042598,-0.000789644437084359,-0.0006864289858614093,8.246753944324534e-05,0.0,0.0,0.0,0.0,0.0,0.0,0.0,0.0,0.0,0.0,0.0,0.0,0.9461188942161135
2005.0,9.0,3.421904705532224,-2.82967169662097,-0.05567872996695077,-0.16542749468446508,0.05297530745902953,0.037701935517567786,-0.010786839726427458,-0.0012479859478223521,0.0005634586042498694,-4.1218805933298706e-05,0.0,0.0,0.0,0.0,0.0,0.0,0.0,0.0,0.0,0.0,0.0,0.6855908408720548
2005.0,10.0,3.354535733188116,-2.79461449220979,0.12316072548936867,-0.2113710053166863,-0.018396884861793448,0.05593788099467593,-0.002249604844514197,-0.00387259188471823,0.00034789548550612974,7.925065619432154e-05,-9.291327242173722e-06,0.0,0.0,0.0,0.0,0.0,0.0,0.0,0.0,0.0,0.0,0.9646863151991865
2005.0,11.0,3.352872509421314,-2.735481610829217,0.12477874159607773,-0.2741148021468846,-0.013264228025733842,0.07381362245255492,-0.005073562174354384,-0.005687247464141892,0.0007708731671226739,0.000125208511410469,-2.8311874944039434e-05,1.3336207332581947e-06,0.0,0.0,0.0,0.0,0.0,0.0,0.0,0.0,0.0,0.9842759289561905
2005.0,12.0,3.298255278075256,-2.78896476172966,0.3363421979015605,-0.2249076844408707,-0.14716806084461304,0.07007522479990216,0.024984135998778693,-0.008403899343937826,-0.0019179449414260317,0.0006124442600864635,3.875279467737998e-05,-2.067742907302169e-05,1.4146875798840696e-06,0.0,0.0,0.0,0.0,0.0,0.0,0.0,0.0,0.8773950900103579
2005.0,13.0,3.332857281471044,-2.931982965634635,0.19153612223780345,-0.0029991008522661025,-0.06447619852670053,-0.03048013940959498,0.013782154148383543,0.010595694737061411,-0.0026560464374899076,-0.000929163537603431,0.0002586447591373262,1.6996624924071436e-05,-8.82232139463708e-06,6.073441764466593e-07,0.0,0.0,0.0,0.0,0.0,0.0,0.0,0.9806943151086618
2005.0,14.0,3.2829818021431563,-3.1354330378773527,0.460331098220867,0.3189317152470039,-0.3183630026521802,-0.16048622132447518,0.10608415841318149,0.027797631433042768,-0.018094653795506014,-0.0009881959321546817,0.0014221651477187708,-0.00011388774726729075,-3.6692791246588487e-05,7.0651914807753495e-06,-3.5576929673574034e-07,0.0,0.0,0.0,0.0,0.0,0.0,0.8933083595761903
2005.0,15.0,3.3245853095643585,-3.194315580289732,0.22009940558521887,0.4533593808249434,-0.10221923848724797,-0.2572826630501187,0.03884857573360546,0.05875060042115888,-0.009909676438596816,-0.0057755372950764805,0.0012215149770730613,0.00022823490669417285,-6.677570974831413e-05,-9.90240280863986e-07,1.270547007573015e-06,-8.362205386979378e-08,0.0,0.0,0.0,0.0,0.0,0.9703669829102375
2005.0,16.0,3.3197885815639654,-3.3612873462060917,0.2625547791424586,0.8169422945678313,-0.18276959047765343,-0.4800881408511758,0.09544388177374076,0.11533718041291725,-0.02754319154246669,-0.012084796005849508,0.0038559622370397746,0.0004348552535297528,-0.00024877154256701243,1.123720748339881e-05,5.500128439426502e-06,-8.399400738764759e-07,3.645699826469674e-08,0.0,0.0,0.0,0.0,0.9891390842271056
2005.0,17.0,3.3483568302372353,-3.342502118338385,0.047301358139980966,0.7886578091193281,0.08315277561476338,-0.48676746145316946,-0.02780365796666715,0.1308833331895161,-0.0008649705451018734,-0.017730263710889142,0.0011096825990798093,0.0012931914948985058,-0.00014920119710838022,-4.7204580239839294e-05,8.367748077527873e-06,5.073663858738599e-07,-1.7968983248873445e-07,9.805726658751973e-09,0.0,0.0,0.0,0.9850218382139828
2005.0,18.0,3.3452448216137745,-3.3200685981931457,0.07141523918865053,0.7236671807437643,0.05693448597622206,-0.43129887585292115,-0.02018353427140293,0.10983607228258203,-0.00046268123687699995,-0.013683486438504824,0.0005810152947998107,0.0009012652089083429,-5.769369515378134e-05,-3.219793276524058e-05,2.013449017530112e-06,7.046444085582194e-07,-3.233192132244325e-08,-1.1472737902028555e-08,9.089594398837795e-10,0.0,0.0,0.9883263392569939
2005.0,19.0,3.378765699189064,-3.190202583433248,-0.2471147857444637,0.35265397323804687,0.5763994691410999,-0.15138709385685498,-0.35394312435459685,0.032351429255240434,0.10646872750669732,-0.00871988860951559,-0.017853160661482948,0.0023870769967712195,0.0016111127952387698,-0.0003428218933213068,-6.175158270340579e-05,2.25532615379034e-05,-4.2173677538531493e-07,-5.143948650978135e-07,6.781283383838661e-08,-2.7153047114896005e-09,0.0,0.9668062832166268
2006.0,0.0,0.2114291858205205,0.0,0.0,0.0,0.0,0.0,0.0,0.0,0.0,0.0,0.0,0.0,0.0,0.0,0.0,0.0,0.0,0.0,0.0,0.0,0.0,-0.1123769562915069
2006.0,1.0,3.361317007676344,-2.438374336375174,0.0,0.0,0.0,0.0,0.0,0.0,0.0,0.0,0.0,0.0,0.0,0.0,0.0,0.0,0.0,0.0,0.0,0.0,0.0,-10.600258830142455
2006.0,2.0,3.024588364103864,-2.5902505107060563,0.058784786163089034,0.0,0.0,0.0,0.0,0.0,0.0,0.0,0.0,0.0,0.0,0.0,0.0,0.0,0.0,0.0,0.0,0.0,0.0,-767.5877133883631
2006.0,3.0,3.1625733472481685,-2.6664547047551515,0.023238981601616027,0.00917217624440192,0.0,0.0,0.0,0.0,0.0,0.0,0.0,0.0,0.0,0.0,0.0,0.0,0.0,0.0,0.0,0.0,0.0,-142.6472031863679
2006.0,4.0,2.9634448709494707,-3.275292823774998,0.15859571123749255,0.08681473409999922,-0.015026060465833484,0.0,0.0,0.0,0.0,0.0,0.0,0.0,0.0,0.0,0.0,0.0,0.0,0.0,0.0,0.0,0.0,0.775433989973826
2006.0,5.0,2.9086216029899123,-3.2711326645081575,0.19840558609542938,0.08252748447987351,-0.018500995136922552,0.0005379995730901576,0.0,0.0,0.0,0.0,0.0,0.0,0.0,0.0,0.0,0.0,0.0,0.0,0.0,0.0,0.0,0.6766130697242008
2006.0,6.0,2.937799840172021,-3.443501915388692,0.17939779713784446,0.1401180389212612,-0.021160096616533893,-0.003403632024362251,0.0005085458011054861,0.0,0.0,0.0,0.0,0.0,0.0,0.0,0.0,0.0,0.0,0.0,0.0,0.0,0.0,0.9130456917655807
2006.0,7.0,3.0005479654528364,-3.3862184966772646,0.09017847997449026,0.12248420245916435,-0.0013804074449362072,-0.003505366668163432,-0.0006373819032547042,0.00012672563509092893,0.0,0.0,0.0,0.0,0.0,0.0,0.0,0.0,0.0,0.0,0.0,0.0,0.0,0.7751950260078275
2006.0,8.0,2.9515379892736733,-3.2942218067861364,0.17036222742264612,0.06345421961252799,-0.017296531745742867,0.006726982588819325,-0.0003665626771587213,-0.0004011059325370153,5.107526921258175e-05,0.0,0.0,0.0,0.0,0.0,0.0,0.0,0.0,0.0,0.0,0.0,0.0,0.9046768676132682
2006.0,9.0,3.017550112309506,-3.0418512986338158,0.009725614018516519,-0.10342944869469718,0.05325408701776798,0.03133625272306835,-0.010970001734402617,-0.0009699960233987767,0.0005566210871481799,-4.348339123574501e-05,0.0,0.0,0.0,0.0,0.0,0.0,0.0,0.0,0.0,0.0,0.0,0.6921326663662581
2006.0,10.0,2.9770636469909837,-3.0194269615931666,0.11682016433996822,-0.13208687749944814,0.01073243510301865,0.04246145625454968,-0.005921118286789706,-0.0025474268766080086,0.0004316438630069505,2.815201314765977e-05,-5.545392857019106e-06,0.0,0.0,0.0,0.0,0.0,0.0,0.0,0.0,0.0,0.0,0.8790871545023826
2006.0,11.0,2.974359498283809,-2.896830080642516,0.1178001401690566,-0.2616059648515226,0.022460358043217287,0.07914816714059199,-0.011903579158374644,-0.006243416203781566,0.001307300125266501,0.00012026668086727634,-4.442898251111798e-05,2.736398695993117e-06,0.0,0.0,0.0,0.0,0.0,0.0,0.0,0.0,0.0,0.9551851650723685
2006.0,12.0,2.9373566579401373,-2.931079016248126,0.26059882636308174,-0.230755441035073,-0.06743306557686093,0.07737802568847084,0.00814001087006958,-0.008147557589529108,-0.0004712307476174468,0.0004481676161831297,-6.939646669236676e-07,-1.1856051272557394e-05,9.413543049074126e-07,0.0,0.0,0.0,0.0,0.0,0.0,0.0,0.0,0.9017109505261222
2006.0,13.0,2.9619096366991235,-3.036355809474656,0.15834807492703554,-0.06827116818976249,-0.00969703576338075,0.0042621786383153365,0.0006183919670476471,0.005558333230886152,-0.0010647665420798888,-0.0006541940181393569,0.00015956125789506748,1.4729484128720995e-05,-6.386259753498127e-06,4.3633814608022445e-07,0.0,0.0,0.0,0.0,0.0,0.0,0.0,0.9541079548105948
2006.0,14.0,2.9060196426316485,-3.2550435271048648,0.45808210306440583,0.27599679014342304,-0.2905025528785538,-0.13353760531178338,0.10173710606644827,0.023424596538395875,-0.017815185081808897,-0.0006418363707200873,0.0014097195075229716,-0.0001290087718984561,-3.5949093325688477e-05,7.373996226307387e-06,-3.836120861092865e-07,0.0,0.0,0.0,0.0,0.0,0.0,0.8698031499816701
2006.0,15.0,2.930649626223005,-3.291921590848843,0.3163678677450802,0.3591641293281691,-0.1636917885624274,-0.19250772051371484,0.06260756653554858,0.04201465916246577,-0.013121230680686725,-0.0034821358462622147,0.0013045706080559293,7.176029011289542e-05,-5.4072453356939805e-05,2.7070726239598363e-06,5.695681556869046e-07,-4.919153970303596e-08,0.0,0.0,0.0,0.0,0.0,0.9210554467316845
2006.0,16.0,2.9221064151471183,-3.5360616987724187,0.38836286320286134,0.8884947557797153,-0.2914437676102181,-0.5149677371110002,0.1487317326088808,0.12326006831302917,-0.03930819942857712,-0.012428762562248848,0.0051540321358479555,0.0003525045213640583,-0.0003166870122660458,2.0948934865160725e-05,6.593384134050155e-06,-1.1379797783586008e-06,5.267789039320208e-08,0.0,0.0,0.0,0.0,0.9656345171160641
2006.0,17.0,2.9304503655141008,-3.5314725099510844,0.3258650074454111,0.8823874386998546,-0.21473484602584658,-0.5183058408590313,0.11344800240517686,0.12813301761753057,-0.031739464064634994,-0.01409976168205077,0.0043843860848759835,0.0006004462151534604,-0.0002896051336812958,4.326747654281899e-06,7.448513601753618e-06,-7.601713490221632e-07,-8.573977964639575e-09,2.789524477875951e-09,0.0,0.0,0.0,0.9673215115120243
2006.0,18.0,2.9340794550418035,-3.564680811003258,0.29768734657679896,0.9763967815561105,-0.18509321478406426,-0.5968565655615028,0.1061462256658594,0.1573535972374035,-0.03304239386436054,-0.01961072038141508,0.005197985822320163,0.0011227526366196518,-0.00041947456639310335,-1.4865580106350127e-05,1.6157487885611693e-05,-1.0698157774515025e-06,-2.0548802071818781e-07,3.1760789297668115e-08,-1.2469045453467653e-09,0.0,0.0,0.967450309763642
2006.0,19.0,2.9640691978540334,-3.4525309762583793,0.008480470740860453,0.6568783981396805,0.28738018304405194,-0.3582101325096257,-0.1961675554316018,0.09314372056295357,0.06312607544101205,-0.016307077673050334,-0.011233339178654761,0.002580653259756688,0.0010514260859250532,-0.00029887707763374076,-3.892024594273924e-05,1.8458288764466272e-05,-6.074853952468295e-07,-4.1067643819440154e-07,5.8254896831446675e-08,-2.42647069714579e-09,0.0,0.9419848658831633
2007.0,0.0,-0.6149117305896219,0.0,0.0,0.0,0.0,0.0,0.0,0.0,0.0,0.0,0.0,0.0,0.0,0.0,0.0,0.0,0.0,0.0,0.0,0.0,0.0,-0.0921069721174459
2007.0,1.0,2.3587434011947215,-2.3019500290932244,0.0,0.0,0.0,0.0,0.0,0.0,0.0,0.0,0.0,0.0,0.0,0.0,0.0,0.0,0.0,0.0,0.0,0.0,0.0,0.20400602973553827
2007.0,2.0,1.5468721558225556,-2.6681318208516696,0.14173334621071434,0.0,0.0,0.0,0.0,0.0,0.0,0.0,0.0,0.0,0.0,0.0,0.0,0.0,0.0,0.0,0.0,0.0,0.0,-289.38978549676966
2007.0,3.0,1.281427769511832,-2.5215363403630473,0.21011349898676465,-0.017644692874010822,0.0,0.0,0.0,0.0,0.0,0.0,0.0,0.0,0.0,0.0,0.0,0.0,0.0,0.0,0.0,0.0,0.0,-7446.851963431796
2007.0,4.0,1.014970256998735,-3.336233898025316,0.39123684763045347,0.08625025095261264,-0.020106649729092076,0.0,0.0,0.0,0.0,0.0,0.0,0.0,0.0,0.0,0.0,0.0,0.0,0.0,0.0,0.0,0.0,0.8748863333450272
2007.0,5.0,0.7819024188732221,-3.3185479865328187,0.5604788828589672,0.06802404783958634,-0.034879492293879454,0.0022871748022257735,0.0,0.0,0.0,0.0,0.0,0.0,0.0,0.0,0.0,0.0,0.0,0.0,0.0,0.0,0.0,0.7454137299143733
2007.0,6.0,0.8520249304004373,-3.7327938780398737,0.5147984713139516,0.2064283762175247,-0.04126997004127282,-0.007185539550574191,0.0012221611746448375,0.0,0.0,0.0,0.0,0.0,0.0,0.0,0.0,0.0,0.0,0.0,0.0,0.0,0.0,0.7139707567570566
2007.0,7.0,0.9265833197363604,-3.664728736885077,0.40878656025452986,0.18547554905202832,-0.017767406449412767,-0.0073064222271296275,-0.0001394496582863359,0.00015057755780670143,0.0,0.0,0.0,0.0,0.0,0.0,0.0,0.0,0.0,0.0,0.0,0.0,0.0,0.9682078715691478
2007.0,8.0,1.0578327756984103,-3.9110972593447806,0.19405327652935705,0.34355873483964683,0.02485621421006501,-0.03470880813631335,-0.0008647075924733658,0.001564118467726879,-0.00013678034291177078,0.0,0.0,0.0,0.0,0.0,0.0,0.0,0.0,0.0,0.0,0.0,0.0,0.5616555609107141
2007.0,9.0,1.1156321921012347,-3.6901230262468183,0.05340127949382734,0.19743625785973887,0.08662983580600925,-0.013161049030607413,-0.010149013963943736,0.0010660001043054036,0.00030587275553453397,-3.8073804855113925e-05,0.0,0.0,0.0,0.0,0.0,0.0,0.0,0.0,0.0,0.0,0.0,0.9335530729678896
2007.0,10.0,1.2372358114193112,-3.7574788041219613,-0.26826655261548576,0.28351306356940603,0.21434774740405366,-0.04657699840369561,-0.025313844325703265,0.005803999733223178,0.0006812535816649726,-0.0002532390002161881,1.6656252057991894e-05,0.0,0.0,0.0,0.0,0.0,0.0,0.0,0.0,0.0,0.0,0.8667577599363085
2007.0,11.0,1.233730347700002,-3.5985618696595796,-0.2669958413105525,0.1156223870772302,0.22955008778995947,0.0009787372537213375,-0.03306869335738901,0.0010130039421783433,0.001816339032512692,-0.00013383337823981474,-3.374740422857869e-05,3.547114182720107e-06,0.0,0.0,0.0,0.0,0.0,0.0,0.0,0.0,0.0,0.9830325553005314
2007.0,12.0,1.2631758079830409,-3.5712938373211647,-0.3806324569858304,0.09105920890251044,0.30108745194484837,0.0023907420032557606,-0.04901979682966165,0.00252799455627111,0.003231763260838428,-0.0003947690324335333,-6.855487746433472e-05,1.5160020241292385e-05,-7.491317117925055e-07,0.0,0.0,0.0,0.0,0.0,0.0,0.0,0.0,0.9871446464980247
2007.0,13.0,1.224999669459133,-3.4076011919385554,-0.22164946733949106,-0.161583933520794,0.2113181525970951,0.11607664971945504,-0.03732534053953475,-0.018782866007153693,0.004154704592091017,0.001319252264136592,-0.0003177335160296056,-2.6176570995219102e-05,1.0644360138115173e-05,-6.784520247582948e-07,0.0,0.0,0.0,0.0,0.0,0.0,0.0,0.9310134381136292
2007.0,14.0,1.2226133227872151,-3.416955660135366,-0.2088443160077594,-0.14685785843773816,0.1993174299627918,0.1101818047237577,-0.03300280054208582,-0.01801836994325534,0.00343854946814906,0.0013197292445627541,-0.0002642768981744893,-3.232085932904132e-05,9.380080366642325e-06,-3.818104739331938e-07,-1.6401664009986865e-08,0.0,0.0,0.0,0.0,0.0,0.0,0.9390130522536905
2007.0,15.0,1.1503901701315828,-3.3089543753714614,0.2066910637724606,-0.39051804784661837,-0.17252753933438567,0.283001763339677,0.0817427442359641,-0.07251016747679742,-0.010327968780450593,0.009646428173314748,4.439779916769229e-05,-0.0006209568972602557,6.250257270559862e-05,1.3302477211590874e-05,-2.810985148021886e-06,1.442167093848065e-07,0.0,0.0,0.0,0.0,0.0,0.9842126887838204
2007.0,16.0,1.1513814862484775,-3.2809985188706996,0.19836626972582738,-0.4510464490186512,-0.15783463588208185,0.3198318102452628,0.07187360253550416,-0.08177973897138595,-0.007333862900035638,0.010665967525417888,-0.00039508916971536334,-0.0006528535780463641,9.245309337941514e-05,1.1218215177330222e-05,-3.4973283545952864e-06,2.683383918736945e-07,-6.006024239138132e-09,0.0,0.0,0.0,0.0,0.9788404439122397
2007.0,17.0,1.1030773337405955,-3.308126044444355,0.5601499129240181,-0.414525662759336,-0.6019731953587396,0.33845794573468857,0.27622643419581633,-0.10981045301954764,-0.05118619980156794,0.020318039724611676,0.004066528617055983,-0.002087183474597902,-6.478544955609757e-05,0.00010745133614243527,-8.434846473779012e-06,-1.920271119761873e-06,3.485896326684312e-07,-1.6144608307310747e-08,0.0,0.0,0.0,0.989942347590198
2007.0,18.0,1.1083259615518468,-3.3555697810755047,0.519380724851721,-0.28010518692773145,-0.5589877533511414,0.22605671322708815,0.2655124292156144,-0.06796603697894883,-0.052993554705965375,0.012420174050502407,0.005224974511713789,-0.0013379728441381804,-0.0002504219236435289,7.986631948944239e-05,4.0337397960777356e-06,-2.3606396831156746e-06,6.636372651135453e-08,2.5333750525174274e-08,-1.7843539922512059e-09,0.0,0.0,0.9925722360030789
2007.0,19.0,1.0768305985864353,-3.4470040314289974,0.8146219634695021,-0.006990226346055538,-1.0319351753984336,0.01971114621129017,0.5637168735318459,-0.013859819065641824,-0.14682210283447047,0.010662411348153093,0.02112113554583357,-0.00289522295028459,-0.0016621452764036227,0.0003627690222131001,5.6149357939132e-05,-2.145337967732827e-05,5.014835114969194e-07,4.5369429563963227e-07,-5.993870112670131e-08,2.381739156855861e-09,0.0,0.9724097309672232
2008.0,0.0,-0.6093410331459123,0.0,0.0,0.0,0.0,0.0,0.0,0.0,0.0,0.0,0.0,0.0,0.0,0.0,0.0,0.0,0.0,0.0,0.0,0.0,0.0,-0.09027703524403452
2008.0,1.0,2.3534406710781823,-2.2963869128522947,0.0,0.0,0.0,0.0,0.0,0.0,0.0,0.0,0.0,0.0,0.0,0.0,0.0,0.0,0.0,0.0,0.0,0.0,0.0,0.21871284851619954
2008.0,2.0,1.5541572025566253,-2.655866305561561,0.13931228337880733,0.0,0.0,0.0,0.0,0.0,0.0,0.0,0.0,0.0,0.0,0.0,0.0,0.0,0.0,0.0,0.0,0.0,0.0,-253.43075185294776
2008.0,3.0,1.2831784354304498,-2.5058105060643134,0.20903892611598962,-0.018014528645134097,0.0,0.0,0.0,0.0,0.0,0.0,0.0,0.0,0.0,0.0,0.0,0.0,0.0,0.0,0.0,0.0,0.0,-7054.2534664442055
2008.0,4.0,1.0171182952345832,-3.3132277779494546,0.38927784222111284,0.08481256025660532,-0.019924753447565547,0.0,0.0,0.0,0.0,0.0,0.0,0.0,0.0,0.0,0.0,0.0,0.0,0.0,0.0,0.0,0.0,0.8664655402007188
2008.0,5.0,0.7783615179268687,-3.294404618155779,0.5624452427784853,0.06603400173904335,-0.03501601908250277,0.002339381576233596,0.0,0.0,0.0,0.0,0.0,0.0,0.0,0.0,0.0,0.0,0.0,0.0,0.0,0.0,0.0,0.7123244369826542
2008.0,6.0,0.8482075813980923,-3.712109307455006,0.5172752099166524,0.20538345912164155,-0.041547856229852034,-0.007180050651328916,0.0012297170715627613,0.0,0.0,0.0,0.0,0.0,0.0,0.0,0.0,0.0,0.0,0.0,0.0,0.0,0.0,0.7650229526075484
2008.0,7.0,0.9154763826031264,-3.6512245414367994,0.42175570666182594,0.1867065889665789,-0.020412572540139142,-0.007303737379256876,7.957006435104242e-06,0.00013527990577892214,0.0,0.0,0.0,0.0,0.0,0.0,0.0,0.0,0.0,0.0,0.0,0.0,0.0,0.9665028619389187
2008.0,8.0,1.0469647386565348,-3.899791205315094,0.2069241013492996,0.34587569755383296,0.022113587453444855,-0.034823871653161906,-0.0006996395853645074,0.001551227330632917,-0.00013718371429710603,0.0,0.0,0.0,0.0,0.0,0.0,0.0,0.0,0.0,0.0,0.0,0.0,0.5449409473123034
2008.0,9.0,1.104112107535765,-3.6836434318761833,0.06815317432953187,0.20316437536277512,0.08284964687322063,-0.0138319951722801,-0.009796369394598232,0.0010707949719503302,0.00029521443779190784,-3.723803557186198e-05,0.0,0.0,0.0,0.0,0.0,0.0,0.0,0.0,0.0,0.0,0.0,0.9233047950336933
2008.0,10.0,1.2317698817755356,-3.7557910756825645,-0.26912763440878945,0.29463346261371914,0.2165371880184478,-0.04908684140031401,-0.02563067669367348,0.006044920899378379,0.0006845127288501984,-0.00026232465841265565,1.7445970440420605e-05,0.0,0.0,0.0,0.0,0.0,0.0,0.0,0.0,0.0,0.0,0.8776440305877693
2008.0,11.0,1.2288146879800326,-3.6081898548589093,-0.26890330433630105,0.13892447975246283,0.23109282620318966,-0.0050672093432896515,-0.032884342260833935,0.0016215016000260339,0.001738260630694009,-0.00015268019791477648,-2.9150117214651695e-05,3.2832377436439403e-06,0.0,0.0,0.0,0.0,0.0,0.0,0.0,0.0,0.0,0.98943930013489
2008.0,12.0,1.2612528860878665,-3.5787414640547235,-0.3939305154591035,0.1125988077183532,0.3096572928290882,-0.003735169111155847,-0.05036275069035726,0.003308966112752828,0.0032849751210271582,-0.0004394910822095812,-6.700247822382895e-05,1.598374883087502e-05,-8.203234840617713e-07,0.0,0.0,0.0,0.0,0.0,0.0,0.0,0.0,0.9876661277643427
2008.0,13.0,1.2232985638600875,-3.4139570599108118,-0.236133427408629,-0.14128422105344027,0.22090582648384183,0.11024313476657945,-0.03896256631226801,-0.01800009936452459,0.004239741074720202,0.0012693402687298798,-0.00031701205910183517,-2.504323149144727e-05,1.0542940928789343e-05,-6.774947096591845e-07,0.0,0.0,0.0,0.0,0.0,0.0,0.0,0.9439134851571057
2008.0,14.0,1.2250261786175136,-3.4072898238629308,-0.24538677937361947,-0.15176247429662762,0.22955232183491767,0.11442471391509508,-0.042066471321074016,-0.01853840057881864,0.004752260253939666,0.0012681670213405083,-0.0003551395510431197,-2.0626803327463044e-05,1.1440629782965933e-05,-8.890940146404423e-07,1.171525114449546e-08,0.0,0.0,0.0,0.0,0.0,0.0,0.9377179584087981
2008.0,15.0,1.1553326956298815,-3.301003661112394,0.1550949305210307,-0.3905378067540271,-0.12814577443714759,0.2828850995805412,0.06800332393424162,-0.07139553230725863,-0.008384600089342059,0.009311154193062849,-7.061046480927267e-05,-0.0005870672327583378,6.302417318432628e-05,1.2220828484893253e-05,-2.676557977531889e-06,1.3891096409167577e-07,0.0,0.0,0.0,0.0,0.0,0.9851071813280362
2008.0,16.0,1.1566813417896826,-3.2633139899685464,0.1436944312310449,-0.4721795756008935,-0.10808760889082003,0.3325456103437005,0.05458385756838347,-0.08388053361414509,-0.004326341184555454,0.010681142680300678,-0.0006647530427790286,-0.0006295259303244152,0.00010341883407754167,9.389453961625548e-06,-3.5996414952931874e-06,3.062590936636902e-07,-8.104997226611214e-09,0.0,0.0,0.0,0.0,0.9761830597855172
2008.0,17.0,1.1068707547773171,-3.28944519572845,0.51650969592351,-0.4389316991836506,-0.5650600636891058,0.3546747281685785,0.2643795260557103,-0.1135508324933217,-0.04921826471206913,0.020709696670487155,0.003884004437235544,-0.0021077354541661065,-5.5192881364141097e-05,0.00010805229169730761,-8.744163926238131e-06,-1.9268446429548406e-06,3.5507003991080235e-07,-1.6558669096622362e-08,0.0,0.0,0.0,0.9909952733890913
2008.0,18.0,1.1096331157939119,-3.3156542448963187,0.4950178145652273,-0.3648825616996868,-0.5426215993579381,0.29296235053146685,0.25906666418371144,-0.090664193489376,-0.050337224306626974,0.016408424148765588,0.004532269197498911,-0.0017018698179084044,-0.00015729478738390841,9.327099086473069e-05,-1.9430162623027073e-06,-2.1747933484272755e-06,2.0212700899015075e-07,6.028626258908331e-09,-9.73582623847729e-10,0.0,0.0,0.9936333405694489
2008.0,19.0,1.0776427495501484,-3.4294153123009825,0.7980522503717582,-0.04087977455682463,-1.0328416379210932,0.051634047444640306,0.5707117399942865,-0.02621847787332105,-0.14900309041622292,0.013294312568570936,0.021324932990902816,-0.003219026065312909,-0.0016550577915939533,0.00038434565487891734,5.386055569084736e-05,-2.2079051598800536e-05,6.216210271931854e-07,4.552283525862298e-07,-6.147581575137235e-08,2.4682485502372155e-09,0.0,0.9785880747785759
